"Indexcd","Idxtrd01","Idxtrd02","Idxtrd03","Idxtrd04","Idxtrd05","Idxtrd08"
"000001","2013-01-04","2289.510","2296.113","2256.560","2276.992","0.346600"
"000001","2013-01-07","2271.663","2293.317","2266.862","2285.364","0.367700"
"000001","2013-01-08","2284.654","2289.139","2262.979","2276.070","-0.406700"
"000001","2013-01-09","2271.299","2283.896","2259.051","2275.340","-0.032100"
"000001","2013-01-10","2274.377","2295.484","2268.648","2283.658","0.365600"
"000001","2013-01-11","2285.185","2290.205","2234.947","2242.997","-1.780500"
"000001","2013-01-14","2236.288","2317.617","2235.107","2311.740","3.064800"
"000001","2013-01-15","2312.468","2332.783","2309.323","2325.682","0.603100"
"000001","2013-01-16","2322.158","2326.764","2279.507","2309.499","-0.695800"
"000001","2013-01-17","2305.140","2305.602","2275.877","2284.909","-1.064700"
"000001","2013-01-18","2295.809","2324.509","2285.972","2317.070","1.407500"
"000001","2013-01-21","2321.490","2329.581","2305.099","2328.221","0.481300"
"000001","2013-01-22","2326.490","2335.806","2301.301","2315.139","-0.561900"
"000001","2013-01-23","2308.521","2325.118","2296.491","2320.911","0.249300"
"000001","2013-01-24","2320.258","2362.943","2287.296","2302.598","-0.789000"
"000001","2013-01-25","2300.001","2308.380","2288.262","2291.304","-0.490500"
"000001","2013-01-28","2295.352","2346.921","2295.352","2346.505","2.409200"
"000001","2013-01-29","2347.215","2363.797","2337.353","2358.977","0.531500"
"000001","2013-01-30","2360.748","2383.763","2347.890","2382.475","0.996100"
"000001","2013-01-31","2383.426","2391.821","2371.226","2385.422","0.123700"
"000001","2013-02-01","2377.414","2421.154","2369.570","2419.020","1.408500"
"000001","2013-02-04","2425.921","2440.376","2417.585","2428.154","0.377600"
"000001","2013-02-05","2411.001","2437.415","2403.302","2433.130","0.204900"
"000001","2013-02-06","2432.677","2441.726","2427.699","2434.477","0.055400"
"000001","2013-02-07","2430.688","2433.893","2394.218","2418.530","-0.655000"
"000001","2013-02-08","2416.619","2443.032","2414.398","2432.402","0.573600"
"000001","2013-02-18","2441.906","2444.804","2415.429","2421.558","-0.445800"
"000001","2013-02-19","2420.265","2427.075","2373.535","2382.914","-1.595800"
"000001","2013-02-20","2383.493","2397.941","2370.608","2397.178","0.598600"
"000001","2013-02-21","2378.822","2378.822","2309.171","2325.951","-2.971300"
"000001","2013-02-22","2322.940","2330.879","2308.760","2314.164","-0.506800"
"000001","2013-02-25","2320.618","2338.780","2315.012","2325.819","0.503600"
"000001","2013-02-26","2313.740","2340.709","2289.887","2293.341","-1.396400"
"000001","2013-02-27","2297.767","2324.627","2292.034","2313.220","0.866800"
"000001","2013-02-28","2322.323","2366.164","2308.916","2365.593","2.264100"
"000001","2013-03-01","2364.544","2369.649","2330.858","2359.506","-0.257300"
"000001","2013-03-04","2332.080","2333.540","2259.247","2273.404","-3.649200"
"000001","2013-03-05","2274.808","2328.143","2270.100","2326.306","2.327000"
"000001","2013-03-06","2333.615","2351.441","2321.600","2347.179","0.897300"
"000001","2013-03-07","2340.436","2352.021","2304.270","2324.293","-0.975000"
"000001","2013-03-08","2326.417","2333.667","2314.587","2318.611","-0.244500"
"000001","2013-03-11","2314.683","2320.961","2296.583","2310.593","-0.345800"
"000001","2013-03-12","2309.158","2333.286","2264.829","2286.605","-1.038200"
"000001","2013-03-13","2282.170","2286.329","2253.249","2263.968","-0.990000"
"000001","2013-03-14","2255.775","2276.222","2253.310","2270.277","0.278700"
"000001","2013-03-15","2269.315","2312.078","2250.005","2278.401","0.357800"
"000001","2013-03-18","2267.287","2276.050","2239.214","2240.016","-1.684700"
"000001","2013-03-19","2244.265","2261.314","2232.023","2257.434","0.777600"
"000001","2013-03-20","2257.737","2317.860","2257.421","2317.374","2.655200"
"000001","2013-03-21","2318.205","2330.813","2311.603","2324.242","0.296400"
"000001","2013-03-22","2321.403","2331.995","2314.967","2328.278","0.173600"
"000001","2013-03-25","2334.735","2344.894","2319.908","2326.715","-0.067100"
"000001","2013-03-26","2318.578","2319.988","2281.118","2297.669","-1.248400"
"000001","2013-03-27","2299.377","2323.477","2288.995","2301.259","0.156200"
"000001","2013-03-28","2273.552","2273.552","2232.906","2236.302","-2.822700"
"000001","2013-03-29","2238.485","2246.868","2228.813","2236.621","0.014300"
"000001","2013-04-01","2229.460","2243.949","2227.314","2234.395","-0.099500"
"000001","2013-04-02","2234.901","2253.421","2220.439","2227.740","-0.297800"
"000001","2013-04-03","2232.694","2241.340","2217.252","2225.295","-0.109800"
"000001","2013-04-08","2196.238","2212.586","2180.673","2211.592","-0.615800"
"000001","2013-04-09","2215.467","2234.725","2215.467","2225.775","0.641300"
"000001","2013-04-10","2224.934","2233.040","2212.561","2226.126","0.015800"
"000001","2013-04-11","2236.983","2242.479","2217.265","2219.553","-0.295300"
"000001","2013-04-12","2218.095","2226.262","2204.438","2206.780","-0.575500"
"000001","2013-04-15","2199.914","2204.987","2177.388","2181.942","-1.125500"
"000001","2013-04-16","2169.630","2196.432","2165.784","2194.846","0.591400"
"000001","2013-04-17","2195.032","2197.508","2178.468","2193.796","-0.047800"
"000001","2013-04-18","2181.822","2206.027","2175.444","2197.602","0.173500"
"000001","2013-04-19","2201.122","2250.110","2200.584","2244.643","2.140600"
"000001","2013-04-22","2236.402","2245.119","2232.258","2242.169","-0.110200"
"000001","2013-04-23","2242.616","2242.616","2182.806","2184.538","-2.570300"
"000001","2013-04-24","2187.349","2226.117","2184.109","2218.318","1.546300"
"000001","2013-04-25","2213.185","2224.630","2191.848","2199.307","-0.857000"
"000001","2013-04-26","2203.889","2210.581","2173.864","2177.912","-0.972800"
"000001","2013-05-02","2170.783","2179.647","2161.140","2174.123","-0.174000"
"000001","2013-05-03","2179.049","2222.811","2179.049","2205.497","1.443100"
"000001","2013-05-06","2212.495","2236.066","2212.495","2231.166","1.163900"
"000001","2013-05-07","2227.861","2240.256","2219.435","2235.575","0.197600"
"000001","2013-05-08","2242.393","2255.208","2235.417","2246.300","0.479700"
"000001","2013-05-09","2246.963","2247.864","2221.384","2232.971","-0.593400"
"000001","2013-05-10","2228.819","2247.674","2225.812","2246.831","0.620700"
"000001","2013-05-13","2247.678","2250.854","2231.363","2241.920","-0.218600"
"000001","2013-05-14","2238.904","2239.926","2205.873","2217.010","-1.111100"
"000001","2013-05-15","2217.086","2225.186","2213.582","2224.797","0.351200"
"000001","2013-05-16","2221.337","2252.872","2210.770","2251.806","1.214000"
"000001","2013-05-17","2249.811","2288.091","2248.413","2282.870","1.379500"
"000001","2013-05-20","2286.328","2309.392","2281.899","2299.986","0.749800"
"000001","2013-05-21","2297.110","2305.301","2290.124","2305.114","0.223000"
"000001","2013-05-22","2303.750","2314.183","2292.431","2302.403","-0.117600"
"000001","2013-05-23","2293.809","2304.953","2274.102","2275.667","-1.161200"
"000001","2013-05-24","2281.445","2292.595","2270.250","2288.533","0.565400"
"000001","2013-05-27","2286.661","2301.702","2283.935","2293.077","0.198600"
"000001","2013-05-28","2293.400","2322.099","2281.468","2321.318","1.231600"
"000001","2013-05-29","2323.539","2334.335","2321.166","2324.017","0.116300"
"000001","2013-05-30","2316.253","2325.721","2310.492","2317.749","-0.269700"
"000001","2013-05-31","2320.739","2325.534","2299.369","2300.595","-0.740100"
"000001","2013-06-03","2300.209","2313.425","2294.113","2299.252","-0.058400"
"000001","2013-06-04","2297.100","2297.100","2264.761","2272.416","-1.167200"
"000001","2013-06-05","2270.712","2276.865","2260.871","2270.931","-0.065300"
"000001","2013-06-06","2264.425","2266.692","2240.070","2242.110","-1.269100"
"000001","2013-06-07","2242.263","2250.629","2205.066","2210.898","-1.392100"
"000001","2013-06-13","2190.101","2190.101","2126.216","2148.355","-2.828900"
"000001","2013-06-14","2150.060","2163.846","2142.780","2162.041","0.637000"
"000001","2013-06-17","2165.994","2169.356","2147.029","2156.215","-0.269500"
"000001","2013-06-18","2158.546","2161.681","2138.347","2159.291","0.142700"
"000001","2013-06-19","2150.816","2150.816","2115.793","2143.454","-0.733400"
"000001","2013-06-20","2132.813","2132.813","2082.825","2084.021","-2.772800"
"000001","2013-06-21","2058.978","2085.860","2042.879","2073.095","-0.524300"
"000001","2013-06-24","2068.862","2068.862","1958.401","1963.235","-5.299300"
"000001","2013-06-25","1948.315","1963.566","1849.653","1959.508","-0.189800"
"000001","2013-06-26","1954.474","1959.158","1922.824","1951.495","-0.408900"
"000001","2013-06-27","1955.126","1980.540","1942.371","1950.013","-0.075900"
"000001","2013-06-28","1935.516","1987.984","1925.651","1979.206","1.497100"
"000001","2013-07-01","1965.987","1995.916","1957.571","1995.242","0.810200"
"000001","2013-07-02","1992.890","2007.620","1978.428","2006.560","0.567200"
"000001","2013-07-03","1996.506","1996.537","1965.519","1994.268","-0.612600"
"000001","2013-07-04","1982.870","2022.136","1974.103","2006.098","0.593200"
"000001","2013-07-05","2006.191","2021.541","2002.367","2007.199","0.054900"
"000001","2013-07-08","1983.215","1983.215","1953.121","1958.273","-2.437500"
"000001","2013-07-09","1953.602","1969.149","1946.366","1965.454","0.366700"
"000001","2013-07-10","1962.840","2009.360","1960.277","2008.126","2.171100"
"000001","2013-07-11","2011.020","2092.868","2010.400","2072.991","3.230100"
"000001","2013-07-12","2068.044","2074.857","2036.050","2039.486","-1.616300"
"000001","2013-07-15","2046.119","2076.665","2037.248","2059.390","0.975900"
"000001","2013-07-16","2054.600","2066.363","2038.535","2065.720","0.307400"
"000001","2013-07-17","2061.186","2075.813","2043.231","2044.922","-1.006800"
"000001","2013-07-18","2038.400","2043.372","2016.899","2023.396","-1.052700"
"000001","2013-07-19","2025.317","2035.220","1990.253","1992.648","-1.519600"
"000001","2013-07-22","1977.733","2005.474","1970.639","2004.762","0.607900"
"000001","2013-07-23","2008.955","2051.526","2005.092","2043.876","1.951100"
"000001","2013-07-24","2035.691","2042.773","2010.424","2033.329","-0.516000"
"000001","2013-07-25","2037.336","2045.365","2016.431","2021.174","-0.597800"
"000001","2013-07-26","2013.190","2021.574","2000.797","2010.850","-0.510800"
"000001","2013-07-29","1997.838","1997.838","1969.853","1976.306","-1.717900"
"000001","2013-07-30","1981.452","2006.232","1965.361","1990.064","0.696100"
"000001","2013-07-31","2000.794","2015.472","1987.880","1993.799","0.187700"
"000001","2013-08-01","2000.818","2029.928","1997.058","2029.067","1.768900"
"000001","2013-08-02","2039.514","2047.084","2025.654","2029.418","0.017300"
"000001","2013-08-05","2031.724","2050.911","2025.226","2050.481","1.037900"
"000001","2013-08-06","2043.653","2066.740","2034.957","2060.500","0.488600"
"000001","2013-08-07","2056.367","2069.561","2043.750","2046.778","-0.666000"
"000001","2013-08-08","2044.436","2058.561","2037.251","2044.895","-0.092000"
"000001","2013-08-09","2052.244","2061.708","2030.127","2052.235","0.358900"
"000001","2013-08-12","2058.416","2102.347","2055.715","2101.283","2.390000"
"000001","2013-08-13","2101.324","2106.397","2093.796","2106.156","0.231900"
"000001","2013-08-14","2109.225","2122.965","2093.043","2100.137","-0.285800"
"000001","2013-08-15","2099.279","2108.405","2079.969","2081.880","-0.869300"
"000001","2013-08-16","2075.983","2198.848","2061.654","2068.452","-0.645000"
"000001","2013-08-19","2055.128","2091.132","2052.703","2085.602","0.829100"
"000001","2013-08-20","2081.966","2098.980","2066.072","2072.595","-0.623700"
"000001","2013-08-21","2076.271","2076.317","2056.913","2072.961","0.017700"
"000001","2013-08-22","2069.313","2083.333","2062.367","2067.124","-0.281600"
"000001","2013-08-23","2075.929","2079.846","2029.365","2057.458","-0.467600"
"000001","2013-08-26","2061.417","2097.344","2056.133","2096.474","1.896300"
"000001","2013-08-27","2095.440","2105.376","2090.425","2103.567","0.338300"
"000001","2013-08-28","2092.311","2113.817","2080.861","2101.301","-0.107700"
"000001","2013-08-29","2108.436","2110.894","2088.236","2097.227","-0.193900"
"000001","2013-08-30","2097.217","2114.393","2089.095","2098.382","0.055100"
"000001","2013-09-02","2104.090","2108.683","2078.455","2098.448","0.003100"
"000001","2013-09-03","2100.449","2123.847","2095.455","2123.112","1.175300"
"000001","2013-09-04","2121.680","2132.996","2115.753","2127.618","0.212200"
"000001","2013-09-05","2125.255","2127.855","2115.236","2122.430","-0.243800"
"000001","2013-09-06","2119.333","2143.244","2119.021","2139.993","0.827500"
"000001","2013-09-09","2151.347","2218.529","2151.347","2212.516","3.388900"
"000001","2013-09-10","2214.814","2238.551","2202.817","2237.984","1.151100"
"000001","2013-09-11","2244.962","2258.075","2233.003","2241.268","0.146700"
"000001","2013-09-12","2236.171","2270.268","2226.288","2255.605","0.639700"
"000001","2013-09-13","2251.462","2259.424","2228.483","2236.217","-0.859500"
"000001","2013-09-16","2244.463","2248.471","2226.171","2231.401","-0.215400"
"000001","2013-09-17","2230.388","2230.929","2184.922","2185.560","-2.054400"
"000001","2013-09-18","2185.936","2195.904","2172.043","2191.851","0.287800"
"000001","2013-09-23","2199.361","2223.068","2198.336","2221.044","1.331900"
"000001","2013-09-24","2219.467","2219.543","2187.236","2207.531","-0.608400"
"000001","2013-09-25","2206.225","2217.974","2193.722","2198.515","-0.408400"
"000001","2013-09-26","2192.226","2192.226","2154.721","2155.809","-1.942500"
"000001","2013-09-27","2150.961","2165.777","2149.594","2160.027","0.195700"
"000001","2013-09-30","2167.734","2176.303","2165.162","2174.665","0.677700"
"000001","2013-10-08","2171.904","2200.018","2161.489","2198.199","1.082200"
"000001","2013-10-09","2191.392","2212.347","2185.181","2211.769","0.617300"
"000001","2013-10-10","2214.405","2214.592","2186.480","2190.929","-0.942200"
"000001","2013-10-11","2201.409","2228.871","2200.530","2228.146","1.698700"
"000001","2013-10-14","2232.218","2242.984","2226.403","2237.773","0.432100"
"000001","2013-10-15","2237.931","2240.250","2221.139","2233.412","-0.194900"
"000001","2013-10-16","2228.113","2228.113","2183.403","2193.074","-1.806100"
"000001","2013-10-17","2201.710","2211.030","2183.246","2188.542","-0.206700"
"000001","2013-10-18","2188.714","2203.291","2184.360","2193.780","0.239300"
"000001","2013-10-21","2198.114","2230.285","2190.394","2229.237","1.616300"
"000001","2013-10-22","2227.341","2227.341","2204.244","2210.652","-0.833700"
"000001","2013-10-23","2213.274","2226.847","2177.725","2183.107","-1.246000"
"000001","2013-10-24","2178.820","2183.412","2159.871","2164.322","-0.860500"
"000001","2013-10-25","2163.689","2170.612","2122.678","2132.955","-1.449300"
"000001","2013-10-28","2135.879","2140.957","2123.069","2133.869","0.042900"
"000001","2013-10-29","2135.226","2163.657","2093.197","2128.864","-0.234600"
"000001","2013-10-30","2126.690","2161.935","2121.841","2160.463","1.484300"
"000001","2013-10-31","2155.511","2155.511","2137.466","2141.614","-0.872500"
"000001","2013-11-01","2139.880","2157.313","2132.629","2149.562","0.371100"
"000001","2013-11-04","2156.087","2160.578","2143.207","2149.634","0.003300"
"000001","2013-11-05","2139.837","2158.148","2124.845","2157.240","0.353800"
"000001","2013-11-06","2149.390","2166.171","2138.780","2139.607","-0.817400"
"000001","2013-11-07","2136.627","2141.600","2119.186","2129.400","-0.477100"
"000001","2013-11-08","2120.923","2128.581","2103.510","2106.127","-1.092900"
"000001","2013-11-11","2103.299","2117.280","2093.626","2109.471","0.158800"
"000001","2013-11-12","2110.724","2127.938","2108.396","2126.772","0.820200"
"000001","2013-11-13","2117.886","2117.912","2086.006","2087.941","-1.825800"
"000001","2013-11-14","2087.119","2102.380","2078.988","2100.506","0.601800"
"000001","2013-11-15","2100.900","2153.213","2100.786","2135.827","1.681500"
"000001","2013-11-18","2147.373","2198.316","2143.768","2197.219","2.874400"
"000001","2013-11-19","2198.318","2203.297","2186.114","2193.125","-0.186300"
"000001","2013-11-20","2201.474","2207.105","2186.642","2206.613","0.615000"
"000001","2013-11-21","2197.008","2206.531","2177.735","2205.766","-0.038400"
"000001","2013-11-22","2206.471","2211.066","2188.767","2196.378","-0.425600"
"000001","2013-11-25","2186.058","2209.148","2181.418","2186.115","-0.467300"
"000001","2013-11-26","2184.332","2192.579","2176.177","2183.073","-0.139200"
"000001","2013-11-27","2181.725","2207.617","2176.847","2201.070","0.824400"
"000001","2013-11-28","2204.378","2234.387","2202.623","2219.372","0.831500"
"000001","2013-11-29","2221.618","2224.944","2212.263","2220.504","0.051000"
"000001","2013-12-02","2203.122","2231.921","2172.633","2207.371","-0.591400"
"000001","2013-12-03","2196.824","2227.925","2193.251","2222.670","0.693100"
"000001","2013-12-04","2219.965","2260.871","2215.916","2251.762","1.308900"
"000001","2013-12-05","2252.723","2255.261","2239.144","2247.063","-0.208700"
"000001","2013-12-06","2242.563","2248.147","2228.632","2237.108","-0.443000"
"000001","2013-12-09","2241.793","2249.169","2231.734","2238.200","0.048800"
"000001","2013-12-10","2239.864","2250.504","2231.680","2237.492","-0.031600"
"000001","2013-12-11","2228.633","2228.633","2193.160","2204.166","-1.489400"
"000001","2013-12-12","2199.317","2214.548","2194.901","2202.796","-0.062200"
"000001","2013-12-13","2188.259","2204.637","2183.842","2196.075","-0.305100"
"000001","2013-12-16","2197.234","2201.696","2159.987","2160.861","-1.603500"
"000001","2013-12-17","2161.536","2165.543","2146.314","2151.079","-0.452700"
"000001","2013-12-18","2150.412","2156.593","2142.624","2148.285","-0.129900"
"000001","2013-12-19","2153.674","2159.142","2126.246","2127.792","-0.953900"
"000001","2013-12-20","2128.374","2131.737","2082.855","2084.794","-2.020800"
"000001","2013-12-23","2089.539","2099.522","2068.543","2089.707","0.235700"
"000001","2013-12-24","2094.073","2111.805","2079.810","2092.905","0.153000"
"000001","2013-12-25","2095.019","2107.232","2088.297","2106.354","0.642600"
"000001","2013-12-26","2102.660","2102.660","2070.546","2073.099","-1.578800"
"000001","2013-12-27","2074.592","2110.357","2069.590","2101.251","1.358000"
"000001","2013-12-30","2108.883","2112.009","2095.063","2097.529","-0.177100"
"000001","2013-12-31","2090.679","2120.274","2087.415","2115.978","0.879600"
"000001","2014-01-02","2112.126","2113.110","2101.016","2109.387","-0.311500"
"000001","2014-01-03","2101.542","2102.167","2075.899","2083.136","-1.244500"
"000001","2014-01-06","2078.684","2078.684","2034.006","2045.709","-1.796700"
"000001","2014-01-07","2034.224","2052.279","2029.246","2047.317","0.078600"
"000001","2014-01-08","2047.256","2062.952","2037.110","2044.340","-0.145400"
"000001","2014-01-09","2041.773","2057.196","2026.446","2027.622","-0.817800"
"000001","2014-01-10","2023.535","2029.297","2008.007","2013.298","-0.706400"
"000001","2014-01-13","2014.978","2027.181","2000.404","2009.564","-0.185500"
"000001","2014-01-14","2007.156","2027.428","2001.135","2026.842","0.859800"
"000001","2014-01-15","2024.228","2027.409","2010.204","2023.348","-0.172400"
"000001","2014-01-16","2022.538","2034.707","2014.407","2023.701","0.017400"
"000001","2014-01-17","2017.522","2017.868","2001.330","2004.949","-0.926600"
"000001","2014-01-20","2001.894","2005.938","1984.824","1991.253","-0.683100"
"000001","2014-01-21","1992.015","2014.152","1992.015","2008.313","0.856700"
"000001","2014-01-22","2009.969","2052.339","2008.930","2051.749","2.162800"
"000001","2014-01-23","2048.331","2052.528","2039.052","2042.180","-0.466400"
"000001","2014-01-24","2037.667","2060.986","2034.453","2054.392","0.598000"
"000001","2014-01-27","2044.272","2044.846","2029.626","2033.300","-1.026700"
"000001","2014-01-28","2036.402","2047.129","2026.987","2038.513","0.256400"
"000001","2014-01-29","2042.176","2051.583","2039.771","2049.914","0.559300"
"000001","2014-01-30","2045.931","2045.931","2031.466","2033.083","-0.821100"
"000001","2014-02-07","2022.323","2044.730","2014.698","2044.497","0.561400"
"000001","2014-02-10","2049.984","2087.975","2049.984","2086.067","2.033300"
"000001","2014-02-11","2086.177","2111.061","2082.522","2103.671","0.843900"
"000001","2014-02-12","2103.828","2110.904","2096.509","2109.955","0.298700"
"000001","2014-02-13","2106.934","2122.826","2096.966","2098.401","-0.547600"
"000001","2014-02-14","2097.320","2116.186","2095.090","2115.848","0.831400"
"000001","2014-02-17","2124.880","2136.447","2117.689","2135.415","0.924800"
"000001","2014-02-18","2134.143","2134.143","2113.128","2119.066","-0.765600"
"000001","2014-02-19","2116.919","2152.961","2111.168","2142.554","1.108400"
"000001","2014-02-20","2152.891","2177.978","2136.481","2138.782","-0.176100"
"000001","2014-02-21","2131.592","2132.703","2098.328","2113.693","-1.173100"
"000001","2014-02-24","2099.717","2099.717","2058.791","2076.686","-1.750800"
"000001","2014-02-25","2077.285","2087.616","2026.543","2034.219","-2.044900"
"000001","2014-02-26","2026.610","2041.627","2014.381","2041.254","0.345800"
"000001","2014-02-27","2045.096","2068.314","2036.391","2047.354","0.298800"
"000001","2014-02-28","2040.624","2058.489","2020.935","2056.302","0.437100"
"000001","2014-03-03","2052.075","2078.333","2047.067","2075.235","0.920700"
"000001","2014-03-04","2068.107","2074.025","2050.125","2071.473","-0.181300"
"000001","2014-03-05","2073.295","2074.815","2050.175","2053.084","-0.887700"
"000001","2014-03-06","2050.032","2065.790","2030.946","2059.578","0.316300"
"000001","2014-03-07","2058.375","2079.490","2050.470","2057.908","-0.081100"
"000001","2014-03-10","2042.352","2042.634","1995.549","1999.065","-2.859400"
"000001","2014-03-11","1994.415","2008.071","1985.599","2001.157","0.104600"
"000001","2014-03-12","1996.239","2011.060","1974.382","1997.692","-0.173100"
"000001","2014-03-13","2000.695","2029.120","1996.529","2019.111","1.072200"
"000001","2014-03-14","2008.825","2017.913","1990.980","2004.339","-0.731600"
"000001","2014-03-17","2009.882","2024.372","1999.249","2023.673","0.964600"
"000001","2014-03-18","2026.224","2034.917","2020.410","2025.196","0.075300"
"000001","2014-03-19","2019.980","2022.181","2002.441","2021.734","-0.170900"
"000001","2014-03-20","2017.220","2030.847","1993.002","1993.479","-1.397600"
"000001","2014-03-21","1987.679","2052.472","1986.071","2047.619","2.715900"
"000001","2014-03-24","2050.827","2074.056","2043.330","2066.279","0.911300"
"000001","2014-03-25","2063.323","2079.551","2057.491","2067.311","0.049900"
"000001","2014-03-26","2070.574","2074.572","2057.648","2063.670","-0.176100"
"000001","2014-03-27","2060.812","2073.982","2042.713","2046.588","-0.827700"
"000001","2014-03-28","2046.851","2060.134","2035.243","2041.712","-0.238300"
"000001","2014-03-31","2043.045","2048.134","2024.185","2033.306","-0.411700"
"000001","2014-04-01","2031.005","2050.681","2028.096","2047.460","0.696100"
"000001","2014-04-02","2049.423","2060.778","2046.742","2058.988","0.563000"
"000001","2014-04-03","2063.497","2066.007","2037.447","2043.702","-0.742400"
"000001","2014-04-04","2037.552","2060.104","2035.221","2058.831","0.740300"
"000001","2014-04-08","2054.530","2102.452","2052.900","2098.284","1.916300"
"000001","2014-04-09","2100.651","2108.750","2095.640","2105.237","0.331400"
"000001","2014-04-10","2105.876","2146.670","2098.079","2134.300","1.380500"
"000001","2014-04-11","2130.368","2138.651","2120.179","2130.542","-0.176100"
"000001","2014-04-14","2127.409","2134.434","2116.610","2131.539","0.046800"
"000001","2014-04-15","2125.902","2125.902","2098.150","2101.601","-1.404500"
"000001","2014-04-16","2097.213","2112.050","2092.157","2105.122","0.167500"
"000001","2014-04-17","2108.947","2110.716","2095.714","2098.885","-0.296300"
"000001","2014-04-18","2091.480","2099.637","2081.185","2097.748","-0.054200"
"000001","2014-04-21","2085.980","2103.078","2065.234","2065.826","-1.521700"
"000001","2014-04-22","2062.787","2073.663","2047.332","2072.831","0.339100"
"000001","2014-04-23","2068.084","2076.349","2059.109","2067.382","-0.262900"
"000001","2014-04-24","2064.156","2075.757","2056.193","2057.033","-0.500600"
"000001","2014-04-25","2060.538","2065.643","2035.566","2036.519","-0.997300"
"000001","2014-04-28","2033.337","2035.990","2000.137","2003.487","-1.622000"
"000001","2014-04-29","2001.896","2021.680","1997.640","2020.341","0.841200"
"000001","2014-04-30","2020.438","2029.538","2016.577","2026.358","0.297800"
"000001","2014-05-05","2022.178","2028.957","2007.351","2027.353","0.049100"
"000001","2014-05-06","2024.256","2038.705","2021.485","2028.038","0.033800"
"000001","2014-05-07","2023.152","2024.631","2008.451","2010.083","-0.885300"
"000001","2014-05-08","2006.853","2036.941","2005.685","2015.274","0.258200"
"000001","2014-05-09","2016.501","2020.454","2001.300","2011.135","-0.205400"
"000001","2014-05-12","2022.932","2055.506","2016.638","2052.871","2.075200"
"000001","2014-05-13","2055.079","2061.060","2043.547","2050.728","-0.104400"
"000001","2014-05-14","2049.270","2056.574","2042.744","2047.910","-0.137400"
"000001","2014-05-15","2044.377","2047.316","2022.861","2024.974","-1.120000"
"000001","2014-05-16","2023.596","2027.756","2012.694","2026.504","0.075600"
"000001","2014-05-19","2023.014","2023.267","1996.015","2005.183","-1.052100"
"000001","2014-05-20","2011.846","2018.156","2002.759","2008.119","0.146400"
"000001","2014-05-21","2001.306","2025.194","1991.055","2024.951","0.838200"
"000001","2014-05-22","2023.148","2041.960","2018.877","2021.285","-0.181000"
"000001","2014-05-23","2020.115","2034.569","2017.739","2034.569","0.657200"
"000001","2014-05-26","2042.028","2045.381","2035.094","2041.476","0.339500"
"000001","2014-05-27","2039.791","2044.148","2032.839","2034.565","-0.338500"
"000001","2014-05-28","2034.561","2052.656","2029.336","2050.228","0.769800"
"000001","2014-05-29","2051.840","2057.077","2039.238","2040.595","-0.469900"
"000001","2014-05-30","2040.394","2046.960","2031.373","2039.212","-0.067800"
"000001","2014-06-03","2039.196","2049.576","2037.300","2038.305","-0.044500"
"000001","2014-06-04","2037.989","2038.481","2012.913","2024.834","-0.660900"
"000001","2014-06-05","2019.442","2041.701","2016.175","2040.878","0.792400"
"000001","2014-06-06","2040.864","2041.573","2022.158","2029.956","-0.535200"
"000001","2014-06-09","2024.942","2045.255","2023.198","2030.502","0.026900"
"000001","2014-06-10","2033.207","2052.765","2026.389","2052.532","1.085000"
"000001","2014-06-11","2049.128","2056.631","2045.407","2054.948","0.117700"
"000001","2014-06-12","2051.582","2057.105","2045.962","2051.713","-0.157400"
"000001","2014-06-13","2049.206","2073.596","2048.618","2070.715","0.926200"
"000001","2014-06-16","2070.699","2087.322","2069.441","2085.983","0.737300"
"000001","2014-06-17","2080.482","2080.482","2064.666","2066.698","-0.924500"
"000001","2014-06-18","2064.383","2066.913","2051.746","2055.519","-0.540900"
"000001","2014-06-19","2054.620","2059.255","2017.653","2023.735","-1.546300"
"000001","2014-06-20","2013.414","2027.148","2010.530","2026.674","0.145200"
"000001","2014-06-23","2026.226","2033.320","2022.917","2024.365","-0.113900"
"000001","2014-06-24","2023.699","2034.707","2021.750","2033.931","0.472500"
"000001","2014-06-25","2030.433","2030.616","2018.360","2025.502","-0.414400"
"000001","2014-06-26","2025.662","2040.754","2025.314","2038.677","0.650500"
"000001","2014-06-27","2031.907","2043.982","2025.073","2036.510","-0.106300"
"000001","2014-06-30","2038.613","2052.342","2038.527","2048.327","0.580300"
"000001","2014-07-01","2051.225","2052.635","2041.937","2050.381","0.100300"
"000001","2014-07-02","2049.485","2060.595","2044.035","2059.418","0.440700"
"000001","2014-07-03","2051.632","2066.641","2048.081","2063.229","0.185100"
"000001","2014-07-04","2062.358","2065.078","2054.217","2059.375","-0.186800"
"000001","2014-07-07","2058.128","2064.043","2050.887","2059.927","0.026800"
"000001","2014-07-08","2058.134","2064.433","2047.204","2064.021","0.198700"
"000001","2014-07-09","2061.635","2062.474","2037.601","2038.612","-1.231000"
"000001","2014-07-10","2036.540","2045.527","2034.956","2038.342","-0.013200"
"000001","2014-07-11","2033.869","2051.737","2033.004","2046.961","0.422800"
"000001","2014-07-14","2047.744","2067.342","2044.901","2066.646","0.961700"
"000001","2014-07-15","2065.900","2070.358","2059.679","2070.357","0.179600"
"000001","2014-07-16","2068.343","2075.493","2061.572","2067.276","-0.148800"
"000001","2014-07-17","2062.888","2062.888","2046.189","2055.591","-0.565200"
"000001","2014-07-18","2047.498","2067.233","2045.996","2059.067","0.169100"
"000001","2014-07-21","2057.767","2061.823","2049.175","2054.479","-0.222800"
"000001","2014-07-22","2050.500","2078.085","2049.815","2075.481","1.022300"
"000001","2014-07-23","2074.195","2088.192","2072.229","2078.489","0.144900"
"000001","2014-07-24","2079.632","2107.946","2079.632","2105.062","1.278500"
"000001","2014-07-25","2108.714","2127.217","2106.714","2126.614","1.023800"
"000001","2014-07-28","2135.249","2181.496","2135.249","2177.948","2.413900"
"000001","2014-07-29","2179.826","2193.523","2172.102","2183.192","0.240800"
"000001","2014-07-30","2178.179","2194.572","2177.244","2181.243","-0.089300"
"000001","2014-07-31","2179.543","2202.126","2173.900","2201.562","0.931500"
"000001","2014-08-01","2194.170","2218.789","2184.641","2185.303","-0.738500"
"000001","2014-08-04","2190.036","2224.068","2186.917","2223.331","1.740200"
"000001","2014-08-05","2224.632","2226.838","2206.850","2219.945","-0.152300"
"000001","2014-08-06","2212.003","2223.893","2192.993","2217.465","-0.111700"
"000001","2014-08-07","2216.659","2220.568","2185.763","2187.669","-1.343700"
"000001","2014-08-08","2188.709","2199.578","2180.597","2194.425","0.308800"
"000001","2014-08-11","2199.433","2225.961","2198.314","2224.654","1.377500"
"000001","2014-08-12","2222.696","2222.979","2210.000","2221.595","-0.137500"
"000001","2014-08-13","2223.051","2230.991","2202.443","2222.877","0.057700"
"000001","2014-08-14","2221.541","2230.894","2204.384","2206.466","-0.738300"
"000001","2014-08-15","2207.226","2230.872","2203.242","2226.734","0.918600"
"000001","2014-08-18","2229.804","2242.035","2228.134","2239.466","0.571800"
"000001","2014-08-19","2242.340","2246.016","2227.925","2245.330","0.261800"
"000001","2014-08-20","2241.664","2248.939","2233.892","2240.211","-0.228000"
"000001","2014-08-21","2239.568","2240.077","2211.630","2230.458","-0.435400"
"000001","2014-08-22","2228.974","2243.303","2225.267","2240.812","0.464200"
"000001","2014-08-25","2241.100","2241.553","2222.009","2229.274","-0.514900"
"000001","2014-08-26","2225.291","2232.785","2200.618","2207.106","-0.994400"
"000001","2014-08-27","2207.030","2216.670","2204.048","2209.465","0.106900"
"000001","2014-08-28","2210.484","2219.473","2194.861","2195.818","-0.617700"
"000001","2014-08-29","2198.946","2218.696","2193.263","2217.200","0.973800"
"000001","2014-09-01","2220.129","2236.286","2217.685","2235.511","0.825900"
"000001","2014-09-02","2239.684","2267.509","2234.378","2266.046","1.365900"
"000001","2014-09-03","2268.395","2290.547","2268.100","2288.627","0.996500"
"000001","2014-09-04","2290.029","2307.701","2283.277","2306.862","0.796800"
"000001","2014-09-05","2311.305","2327.557","2307.447","2326.432","0.848300"
"000001","2014-09-09","2328.426","2331.917","2315.894","2326.527","0.004100"
"000001","2014-09-10","2318.496","2321.908","2306.421","2318.305","-0.353400"
"000001","2014-09-11","2315.732","2343.595","2304.602","2311.679","-0.285800"
"000001","2014-09-12","2308.346","2331.950","2302.775","2331.950","0.876900"
"000001","2014-09-15","2330.187","2340.449","2321.593","2339.140","0.308300"
"000001","2014-09-16","2341.027","2347.935","2293.869","2296.555","-1.820500"
"000001","2014-09-17","2298.982","2309.048","2282.795","2307.893","0.493700"
"000001","2014-09-18","2303.850","2319.875","2297.931","2315.928","0.348200"
"000001","2014-09-19","2312.984","2331.561","2305.517","2329.451","0.583900"
"000001","2014-09-22","2323.554","2323.554","2284.378","2289.866","-1.699300"
"000001","2014-09-23","2289.091","2311.525","2289.024","2309.718","0.867000"
"000001","2014-09-24","2302.231","2345.747","2297.876","2343.575","1.465800"
"000001","2014-09-25","2352.865","2365.154","2336.805","2345.103","0.065200"
"000001","2014-09-26","2339.288","2350.109","2329.955","2347.718","0.111500"
"000001","2014-09-29","2353.708","2363.059","2346.579","2357.711","0.425600"
"000001","2014-09-30","2361.318","2365.491","2354.268","2363.870","0.261200"
"000001","2014-10-08","2368.576","2382.794","2354.290","2382.794","0.800600"
"000001","2014-10-09","2383.859","2391.348","2367.111","2389.371","0.276000"
"000001","2014-10-10","2380.755","2386.277","2365.075","2374.540","-0.620700"
"000001","2014-10-13","2366.426","2366.862","2341.124","2366.009","-0.359300"
"000001","2014-10-14","2362.802","2380.515","2349.194","2359.475","-0.276200"
"000001","2014-10-15","2358.233","2374.808","2344.373","2373.670","0.601600"
"000001","2014-10-16","2361.130","2389.675","2353.406","2356.499","-0.723400"
"000001","2014-10-17","2352.784","2360.597","2312.826","2341.184","-0.649900"
"000001","2014-10-20","2346.052","2357.509","2340.459","2356.728","0.663900"
"000001","2014-10-21","2355.033","2361.653","2337.551","2339.657","-0.724400"
"000001","2014-10-22","2339.223","2352.124","2324.590","2326.553","-0.560100"
"000001","2014-10-23","2322.316","2329.927","2297.330","2302.418","-1.037400"
"000001","2014-10-24","2303.080","2314.875","2296.657","2302.280","-0.006000"
"000001","2014-10-27","2293.573","2293.644","2279.836","2290.437","-0.514400"
"000001","2014-10-28","2294.012","2338.278","2294.012","2337.871","2.071000"
"000001","2014-10-29","2343.720","2381.643","2339.712","2373.030","1.503900"
"000001","2014-10-30","2371.891","2397.256","2365.919","2391.076","0.760500"
"000001","2014-10-31","2393.178","2423.596","2384.483","2420.178","1.217100"
"000001","2014-11-03","2425.225","2436.785","2418.167","2430.032","0.407200"
"000001","2014-11-04","2428.271","2435.223","2417.221","2430.677","0.026500"
"000001","2014-11-05","2432.169","2434.363","2415.502","2419.254","-0.470000"
"000001","2014-11-06","2419.617","2426.890","2401.750","2425.864","0.273200"
"000001","2014-11-07","2427.898","2454.423","2407.442","2418.171","-0.317100"
"000001","2014-11-10","2436.628","2474.156","2428.185","2473.673","2.295200"
"000001","2014-11-11","2483.648","2508.623","2445.960","2469.673","-0.161700"
"000001","2014-11-12","2454.602","2494.917","2444.814","2494.476","1.004300"
"000001","2014-11-13","2494.998","2507.743","2471.407","2485.606","-0.355600"
"000001","2014-11-14","2477.966","2481.025","2457.045","2478.824","-0.272900"
"000001","2014-11-17","2506.864","2508.767","2472.446","2474.009","-0.194200"
"000001","2014-11-18","2474.182","2477.052","2449.813","2456.366","-0.713100"
"000001","2014-11-19","2452.150","2461.491","2442.710","2450.986","-0.219000"
"000001","2014-11-20","2443.276","2458.319","2437.476","2452.660","0.068300"
"000001","2014-11-21","2452.635","2488.201","2446.646","2486.791","1.391600"
"000001","2014-11-24","2505.532","2546.746","2495.521","2532.879","1.853300"
"000001","2014-11-25","2531.998","2568.381","2527.077","2567.597","1.370700"
"000001","2014-11-26","2572.649","2605.070","2570.404","2604.345","1.431200"
"000001","2014-11-27","2615.367","2631.399","2599.108","2630.486","1.003700"
"000001","2014-11-28","2629.626","2683.180","2622.061","2682.835","1.990100"
"000001","2014-12-01","2691.725","2720.743","2668.841","2680.155","-0.099900"
"000001","2014-12-02","2667.820","2777.372","2665.686","2763.545","3.111400"
"000001","2014-12-03","2768.678","2824.179","2733.868","2779.525","0.578200"
"000001","2014-12-04","2783.469","2900.508","2772.432","2899.456","4.314800"
"000001","2014-12-05","2926.573","2978.029","2813.052","2937.647","1.317200"
"000001","2014-12-08","2907.815","3041.657","2879.847","3020.258","2.812100"
"000001","2014-12-09","2992.490","3091.324","2834.592","2856.269","-5.429600"
"000001","2014-12-10","2855.940","2946.707","2807.678","2940.006","2.931700"
"000001","2014-12-11","2912.346","2965.675","2892.611","2925.743","-0.485100"
"000001","2014-12-12","2929.360","2962.510","2914.956","2938.173","0.424800"
"000001","2014-12-15","2921.446","2960.227","2890.904","2953.421","0.519000"
"000001","2014-12-16","2953.811","3021.897","2943.912","3021.518","2.305700"
"000001","2014-12-17","3031.952","3076.599","2993.333","3061.020","1.307400"
"000001","2014-12-18","3062.801","3089.791","3030.319","3057.521","-0.114300"
"000001","2014-12-19","3053.075","3117.527","3018.421","3108.596","1.670500"
"000001","2014-12-22","3129.267","3189.867","3090.509","3127.445","0.606400"
"000001","2014-12-23","3085.080","3136.838","3025.667","3032.612","-3.032300"
"000001","2014-12-24","3039.206","3050.507","2934.911","2972.532","-1.981100"
"000001","2014-12-25","2992.462","3073.345","2969.874","3072.536","3.364300"
"000001","2014-12-26","3078.005","3164.155","3064.176","3157.603","2.768600"
"000001","2014-12-29","3212.559","3223.860","3126.944","3168.016","0.329800"
"000001","2014-12-30","3160.801","3190.299","3130.353","3165.815","-0.069500"
"000001","2014-12-31","3172.597","3239.357","3157.259","3234.677","2.175200"
"000001","2015-01-05","3258.627","3369.281","3253.883","3350.519","3.581300"
"000001","2015-01-06","3330.799","3394.224","3303.184","3351.446","0.027700"
"000001","2015-01-07","3326.649","3374.896","3312.211","3373.954","0.671600"
"000001","2015-01-08","3371.957","3381.566","3285.095","3293.456","-2.385900"
"000001","2015-01-09","3276.965","3404.834","3267.509","3285.412","-0.244200"
"000001","2015-01-12","3258.213","3275.185","3191.582","3229.316","-1.707400"
"000001","2015-01-13","3223.542","3259.386","3214.412","3235.301","0.185300"
"000001","2015-01-14","3242.337","3268.483","3193.978","3222.437","-0.397600"
"000001","2015-01-15","3224.070","3337.084","3207.545","3336.455","3.538300"
"000001","2015-01-16","3343.603","3400.318","3340.490","3376.495","1.200100"
"000001","2015-01-19","3189.727","3262.207","3095.066","3116.351","-7.704600"
"000001","2015-01-20","3114.560","3190.245","3100.477","3173.052","1.819500"
"000001","2015-01-21","3189.085","3337.004","3178.343","3323.611","4.744900"
"000001","2015-01-22","3327.319","3352.384","3293.978","3343.344","0.593700"
"000001","2015-01-23","3357.096","3406.786","3328.293","3351.764","0.251800"
"000001","2015-01-26","3347.257","3384.798","3321.315","3383.182","0.937400"
"000001","2015-01-27","3389.853","3390.216","3290.219","3352.960","-0.893300"
"000001","2015-01-28","3325.722","3354.802","3294.655","3305.738","-1.408400"
"000001","2015-01-29","3258.997","3286.786","3234.241","3262.305","-1.313900"
"000001","2015-01-30","3273.747","3288.503","3210.308","3210.363","-1.592200"
"000001","2015-02-02","3148.136","3175.134","3122.572","3128.300","-2.556200"
"000001","2015-02-03","3156.086","3207.935","3129.732","3204.907","2.448800"
"000001","2015-02-04","3212.822","3238.982","3171.144","3174.126","-0.960400"
"000001","2015-02-05","3251.212","3251.212","3135.819","3136.531","-1.184400"
"000001","2015-02-06","3120.090","3129.539","3052.939","3075.907","-1.932800"
"000001","2015-02-09","3063.510","3119.034","3049.111","3095.124","0.624800"
"000001","2015-02-10","3090.490","3142.099","3084.253","3141.593","1.501400"
"000001","2015-02-11","3145.765","3166.421","3139.052","3157.704","0.512800"
"000001","2015-02-12","3157.959","3181.766","3134.244","3173.416","0.497600"
"000001","2015-02-13","3186.808","3237.159","3182.794","3203.827","0.958300"
"000001","2015-02-16","3206.137","3228.846","3195.884","3222.363","0.578600"
"000001","2015-02-17","3230.884","3255.725","3230.772","3246.906","0.761600"
"000001","2015-02-25","3256.479","3257.223","3215.552","3228.843","-0.556300"
"000001","2015-02-26","3222.151","3300.616","3202.188","3298.359","2.153000"
"000001","2015-02-27","3296.831","3324.546","3291.007","3310.303","0.362100"
"000001","2015-03-02","3332.721","3336.760","3298.669","3336.285","0.784900"
"000001","2015-03-03","3317.695","3317.695","3260.429","3263.052","-2.195000"
"000001","2015-03-04","3264.182","3286.588","3250.484","3279.533","0.505100"
"000001","2015-03-05","3264.085","3266.638","3221.666","3248.476","-0.947000"
"000001","2015-03-06","3248.036","3266.933","3234.533","3241.187","-0.224400"
"000001","2015-03-09","3224.314","3307.702","3198.370","3302.408","1.888800"
"000001","2015-03-10","3289.085","3309.915","3277.095","3286.068","-0.494800"
"000001","2015-03-11","3289.594","3325.054","3278.471","3290.900","0.147000"
"000001","2015-03-12","3314.813","3360.054","3300.488","3349.323","1.775300"
"000001","2015-03-13","3359.488","3391.255","3352.150","3372.911","0.704300"
"000001","2015-03-16","3391.158","3449.305","3377.087","3449.305","2.264900"
"000001","2015-03-17","3469.603","3504.123","3459.694","3502.847","1.552300"
"000001","2015-03-18","3510.501","3577.662","3503.853","3577.301","2.125500"
"000001","2015-03-19","3576.019","3600.684","3546.844","3582.271","0.138900"
"000001","2015-03-20","3587.084","3632.338","3569.380","3617.318","0.978300"
"000001","2015-03-23","3640.104","3688.249","3635.485","3687.728","1.946500"
"000001","2015-03-24","3692.569","3715.873","3600.698","3691.410","0.099800"
"000001","2015-03-25","3680.953","3693.151","3634.559","3660.727","-0.831200"
"000001","2015-03-26","3641.942","3707.318","3615.011","3682.095","0.583700"
"000001","2015-03-27","3686.134","3710.477","3656.831","3691.096","0.244500"
"000001","2015-03-30","3710.612","3795.935","3710.612","3786.568","2.586500"
"000001","2015-03-31","3822.987","3835.567","3737.043","3747.899","-1.021200"
"000001","2015-04-01","3748.340","3817.082","3742.213","3810.294","1.664800"
"000001","2015-04-02","3827.689","3835.451","3775.894","3825.784","0.406500"
"000001","2015-04-03","3803.383","3864.405","3792.211","3863.929","0.997100"
"000001","2015-04-07","3899.420","3961.666","3891.728","3961.378","2.522000"
"000001","2015-04-08","3976.532","4000.220","3903.648","3994.811","0.844000"
"000001","2015-04-09","4006.130","4016.396","3900.027","3957.534","-0.933100"
"000001","2015-04-10","3947.492","4040.348","3929.319","4034.310","1.940000"
"000001","2015-04-13","4072.723","4128.072","4057.293","4121.715","2.166500"
"000001","2015-04-14","4125.782","4168.346","4091.257","4135.565","0.336000"
"000001","2015-04-15","4135.648","4175.494","4069.007","4084.163","-1.242900"
"000001","2015-04-16","4055.916","4195.305","4031.244","4194.823","2.709500"
"000001","2015-04-17","4254.723","4317.223","4238.910","4287.296","2.204500"
"000001","2015-04-20","4301.352","4356.001","4190.681","4217.077","-1.637800"
"000001","2015-04-21","4212.185","4294.375","4188.569","4293.623","1.815100"
"000001","2015-04-22","4304.597","4400.193","4297.951","4398.494","2.442500"
"000001","2015-04-23","4414.485","4444.410","4358.844","4414.508","0.364100"
"000001","2015-04-24","4355.951","4416.376","4318.119","4393.686","-0.471700"
"000001","2015-04-27","4441.929","4529.735","4441.929","4527.396","3.043200"
"000001","2015-04-28","4527.635","4572.391","4432.904","4476.215","-1.130500"
"000001","2015-04-29","4446.119","4499.945","4398.639","4476.620","0.009000"
"000001","2015-04-30","4483.013","4507.344","4441.054","4441.655","-0.781100"
"000001","2015-05-04","4441.343","4487.570","4387.426","4480.464","0.873800"
"000001","2015-05-05","4479.848","4488.865","4282.237","4298.706","-4.056700"
"000001","2015-05-06","4311.641","4376.353","4187.368","4229.266","-1.615400"
"000001","2015-05-07","4197.896","4213.764","4108.009","4112.214","-2.767700"
"000001","2015-05-08","4152.984","4206.860","4099.042","4205.917","2.278700"
"000001","2015-05-11","4231.271","4334.877","4187.820","4333.584","3.035400"
"000001","2015-05-12","4342.370","4402.309","4317.975","4401.219","1.560700"
"000001","2015-05-13","4402.378","4415.629","4342.481","4375.760","-0.578500"
"000001","2015-05-14","4372.816","4397.745","4329.042","4378.311","0.058300"
"000001","2015-05-15","4366.822","4366.822","4278.553","4308.691","-1.590100"
"000001","2015-05-18","4277.895","4324.826","4260.509","4283.491","-0.584900"
"000001","2015-05-19","4285.777","4418.403","4285.777","4417.552","3.129700"
"000001","2015-05-20","4434.979","4520.538","4432.279","4446.288","0.650500"
"000001","2015-05-21","4456.435","4530.478","4438.258","4529.422","1.869700"
"000001","2015-05-22","4584.984","4658.273","4562.989","4657.596","2.829800"
"000001","2015-05-25","4660.075","4814.672","4656.825","4813.798","3.353700"
"000001","2015-05-26","4854.850","4911.685","4779.075","4910.897","2.017100"
"000001","2015-05-27","4932.846","4958.156","4857.056","4941.714","0.627500"
"000001","2015-05-28","4943.742","4986.503","4614.241","4620.266","-6.504800"
"000001","2015-05-29","4603.465","4698.193","4431.563","4611.744","-0.184400"
"000001","2015-06-01","4633.098","4829.502","4615.231","4828.738","4.705200"
"000001","2015-06-02","4844.704","4911.574","4797.552","4910.527","1.693800"
"000001","2015-06-03","4924.381","4942.065","4822.442","4909.978","-0.011200"
"000001","2015-06-04","4912.945","4947.965","4647.407","4947.102","0.756100"
"000001","2015-06-05","5016.088","5051.626","4898.068","5023.096","1.536100"
"000001","2015-06-08","5045.694","5146.949","4997.481","5131.881","2.165700"
"000001","2015-06-09","5145.978","5147.454","5042.963","5113.534","-0.357500"
"000001","2015-06-10","5049.197","5164.162","5001.489","5106.036","-0.146600"
"000001","2015-06-11","5101.440","5122.457","5050.765","5121.593","0.304700"
"000001","2015-06-12","5143.343","5178.191","5103.401","5166.350","0.873900"
"000001","2015-06-15","5174.418","5176.795","5048.742","5062.993","-2.000600"
"000001","2015-06-16","5004.412","5029.684","4842.100","4887.432","-3.467500"
"000001","2015-06-17","4890.551","4983.658","4767.216","4967.898","1.646400"
"000001","2015-06-18","4942.520","4966.767","4780.873","4785.356","-3.674400"
"000001","2015-06-19","4689.929","4744.081","4476.501","4478.364","-6.415200"
"000001","2015-06-23","4471.613","4577.939","4264.772","4576.492","2.191200"
"000001","2015-06-24","4604.579","4691.768","4552.129","4690.150","2.483500"
"000001","2015-06-25","4711.763","4720.701","4483.548","4527.779","-3.462000"
"000001","2015-06-26","4399.933","4456.896","4139.530","4192.873","-7.396700"
"000001","2015-06-29","4289.771","4297.475","3875.050","4053.030","-3.335300"
"000001","2015-06-30","4006.754","4279.969","3847.880","4277.222","5.531500"
"000001","2015-07-01","4214.150","4317.053","4043.367","4053.700","-5.225900"
"000001","2015-07-02","4058.624","4080.387","3795.253","3912.767","-3.476700"
"000001","2015-07-03","3793.712","3927.128","3629.556","3686.915","-5.772200"
"000001","2015-07-06","3975.214","3975.214","3653.037","3775.912","2.413900"
"000001","2015-07-07","3654.778","3750.570","3585.399","3727.125","-1.292100"
"000001","2015-07-08","3467.399","3599.253","3421.525","3507.192","-5.900900"
"000001","2015-07-09","3432.454","3748.479","3373.540","3709.330","5.763500"
"000001","2015-07-10","3707.458","3959.220","3677.435","3877.803","4.541900"
"000001","2015-07-13","3918.990","4030.195","3858.637","3970.388","2.387600"
"000001","2015-07-14","3958.373","4035.435","3855.560","3924.487","-1.156100"
"000001","2015-07-15","3874.968","3914.273","3741.250","3805.703","-3.026700"
"000001","2015-07-16","3758.505","3877.514","3688.442","3823.176","0.459100"
"000001","2015-07-17","3831.421","3994.477","3814.147","3957.352","3.509500"
"000001","2015-07-20","3948.421","4021.326","3927.121","3992.110","0.878300"
"000001","2015-07-21","3939.898","4041.819","3912.801","4017.675","0.640400"
"000001","2015-07-22","3996.427","4042.338","3960.864","4026.045","0.208300"
"000001","2015-07-23","4022.268","4132.612","4019.038","4123.923","2.431100"
"000001","2015-07-24","4124.755","4184.449","4044.831","4070.908","-1.285500"
"000001","2015-07-27","3985.570","4051.159","3720.444","3725.558","-8.483400"
"000001","2015-07-28","3573.143","3762.526","3537.358","3663.002","-1.679100"
"000001","2015-07-29","3689.825","3792.072","3612.064","3789.168","3.444300"
"000001","2015-07-30","3773.788","3844.374","3685.956","3705.766","-2.201100"
"000001","2015-07-31","3655.667","3729.512","3620.165","3663.726","-1.134400"
"000001","2015-08-03","3614.990","3648.943","3549.496","3622.905","-1.114200"
"000001","2015-08-04","3621.855","3757.029","3601.289","3756.545","3.688800"
"000001","2015-08-05","3745.646","3782.352","3676.390","3694.573","-1.649700"
"000001","2015-08-06","3625.504","3710.570","3614.742","3661.539","-0.894100"
"000001","2015-08-07","3692.614","3756.740","3686.300","3744.205","2.257700"
"000001","2015-08-10","3786.033","3943.624","3775.854","3928.415","4.919900"
"000001","2015-08-11","3928.808","3970.337","3891.179","3927.908","-0.012900"
"000001","2015-08-12","3881.228","3937.772","3871.136","3886.320","-1.058800"
"000001","2015-08-13","3869.911","3955.789","3838.159","3954.556","1.755800"
"000001","2015-08-14","3976.405","4000.684","3939.835","3965.335","0.272600"
"000001","2015-08-17","3947.844","3994.537","3907.399","3993.668","0.714500"
"000001","2015-08-18","3999.134","4006.337","3743.394","3748.164","-6.147300"
"000001","2015-08-19","3646.803","3811.427","3558.383","3794.109","1.225800"
"000001","2015-08-20","3754.567","3788.005","3663.607","3664.291","-3.421600"
"000001","2015-08-21","3609.959","3652.837","3490.540","3507.744","-4.272200"
"000001","2015-08-24","3373.478","3388.364","3191.879","3209.905","-8.490900"
"000001","2015-08-25","3004.126","3123.034","2947.944","2964.967","-7.630700"
"000001","2015-08-26","2980.794","3092.041","2850.714","2927.288","-1.270800"
"000001","2015-08-27","2978.030","3085.422","2906.490","3083.591","5.339500"
"000001","2015-08-28","3125.264","3235.839","3102.945","3232.350","4.824200"
"000001","2015-08-31","3203.559","3207.862","3109.163","3205.986","-0.815600"
"000001","2015-09-01","3157.832","3180.331","3053.738","3166.624","-1.227800"
"000001","2015-09-02","3027.678","3194.485","3019.087","3160.167","-0.203900"
"000001","2015-09-07","3149.380","3217.579","3066.304","3080.420","-2.523500"
"000001","2015-09-08","3054.444","3174.709","3011.117","3170.452","2.922700"
"000001","2015-09-09","3182.552","3256.743","3165.696","3243.089","2.291100"
"000001","2015-09-10","3190.553","3243.281","3178.904","3197.893","-1.393600"
"000001","2015-09-11","3189.479","3223.762","3163.449","3200.234","0.073200"
"000001","2015-09-14","3221.165","3229.482","3049.230","3114.798","-2.669700"
"000001","2015-09-15","3043.805","3081.703","2983.920","3005.172","-3.519500"
"000001","2015-09-16","2998.036","3182.934","2983.535","3152.263","4.894600"
"000001","2015-09-17","3131.982","3204.702","3085.314","3086.061","-2.100100"
"000001","2015-09-18","3100.280","3122.048","3070.336","3097.917","0.384200"
"000001","2015-09-21","3072.094","3159.883","3060.856","3156.540","1.892300"
"000001","2015-09-22","3161.318","3213.476","3152.481","3185.619","0.921200"
"000001","2015-09-23","3137.723","3164.041","3104.744","3115.888","-2.188900"
"000001","2015-09-24","3126.491","3151.165","3109.691","3142.687","0.860100"
"000001","2015-09-25","3130.851","3149.948","3062.995","3092.347","-1.601800"
"000001","2015-09-28","3085.567","3103.069","3042.310","3100.756","0.271900"
"000001","2015-09-29","3055.218","3068.298","3021.157","3038.137","-2.019500"
"000001","2015-09-30","3052.841","3073.300","3039.742","3052.781","0.482000"
"000001","2015-10-08","3156.075","3172.281","3133.127","3143.357","2.967000"
"000001","2015-10-09","3146.644","3192.717","3137.788","3183.152","1.266000"
"000001","2015-10-12","3193.540","3318.714","3188.407","3287.662","3.283200"
"000001","2015-10-13","3262.156","3298.626","3253.249","3293.230","0.169400"
"000001","2015-10-14","3280.020","3307.315","3256.253","3262.441","-0.934900"
"000001","2015-10-15","3255.032","3338.297","3254.392","3338.073","2.318300"
"000001","2015-10-16","3358.297","3393.018","3334.854","3391.352","1.596100"
"000001","2015-10-19","3401.627","3423.402","3355.566","3386.700","-0.137200"
"000001","2015-10-20","3377.547","3425.516","3357.861","3425.330","1.140600"
"000001","2015-10-21","3428.561","3447.258","3265.436","3320.676","-3.055300"
"000001","2015-10-22","3292.291","3373.776","3282.993","3368.739","1.447400"
"000001","2015-10-23","3377.548","3422.022","3360.218","3412.434","1.297100"
"000001","2015-10-26","3448.649","3457.517","3402.000","3429.581","0.502500"
"000001","2015-10-27","3409.137","3441.565","3332.616","3434.336","0.138600"
"000001","2015-10-28","3417.011","3439.758","3367.231","3375.196","-1.722000"
"000001","2015-10-29","3387.774","3411.714","3362.509","3387.315","0.359100"
"000001","2015-10-30","3380.284","3417.201","3346.591","3382.561","-0.140300"
"000001","2015-11-02","3337.578","3391.064","3322.312","3325.085","-1.699200"
"000001","2015-11-03","3330.316","3346.275","3302.184","3316.695","-0.252300"
"000001","2015-11-04","3325.619","3459.646","3325.619","3459.640","4.309900"
"000001","2015-11-05","3459.215","3585.657","3455.525","3522.819","1.826200"
"000001","2015-11-06","3514.436","3596.382","3508.827","3590.032","1.907900"
"000001","2015-11-09","3588.498","3673.760","3588.498","3646.881","1.583500"
"000001","2015-11-10","3617.396","3669.533","3607.891","3640.485","-0.175400"
"000001","2015-11-11","3635.004","3654.877","3605.621","3650.249","0.268200"
"000001","2015-11-12","3656.817","3659.315","3603.228","3632.902","-0.475200"
"000001","2015-11-13","3600.764","3632.556","3564.809","3580.839","-1.433100"
"000001","2015-11-16","3522.461","3607.612","3519.421","3606.957","0.729400"
"000001","2015-11-17","3629.977","3678.273","3598.068","3604.795","-0.059900"
"000001","2015-11-18","3605.061","3617.069","3558.697","3568.468","-1.007700"
"000001","2015-11-19","3573.776","3618.213","3561.044","3617.062","1.361800"
"000001","2015-11-20","3620.791","3640.529","3607.915","3630.500","0.371500"
"000001","2015-11-23","3630.867","3654.754","3598.871","3610.315","-0.556000"
"000001","2015-11-24","3602.887","3616.484","3563.104","3616.113","0.160600"
"000001","2015-11-25","3614.068","3648.367","3607.518","3647.930","0.879900"
"000001","2015-11-26","3659.574","3668.376","3629.865","3635.552","-0.339300"
"000001","2015-11-27","3616.544","3621.897","3412.427","3436.303","-5.480600"
"000001","2015-11-30","3433.855","3470.371","3327.812","3445.405","0.264900"
"000001","2015-12-01","3442.441","3483.414","3417.545","3456.309","0.316500"
"000001","2015-12-02","3450.278","3538.847","3427.661","3536.905","2.331900"
"000001","2015-12-03","3525.727","3591.730","3517.230","3584.824","1.354800"
"000001","2015-12-04","3558.149","3568.970","3510.412","3524.992","-1.669000"
"000001","2015-12-07","3529.806","3543.945","3506.625","3536.927","0.338600"
"000001","2015-12-08","3518.648","3518.648","3466.790","3470.070","-1.890300"
"000001","2015-12-09","3462.583","3495.702","3454.879","3472.439","0.068300"
"000001","2015-12-10","3469.806","3503.654","3446.273","3455.495","-0.488000"
"000001","2015-12-11","3441.597","3455.548","3410.924","3434.581","-0.605200"
"000001","2015-12-14","3403.507","3521.779","3399.280","3520.668","2.506500"
"000001","2015-12-15","3518.126","3529.961","3496.854","3510.354","-0.293000"
"000001","2015-12-16","3522.091","3538.689","3506.291","3516.187","0.166200"
"000001","2015-12-17","3533.628","3583.408","3533.628","3579.999","1.814800"
"000001","2015-12-18","3574.940","3614.698","3568.161","3578.964","-0.028900"
"000001","2015-12-21","3568.581","3651.056","3565.751","3642.472","1.774500"
"000001","2015-12-22","3645.990","3652.635","3616.870","3651.767","0.255200"
"000001","2015-12-23","3653.282","3684.567","3633.025","3636.089","-0.429300"
"000001","2015-12-24","3631.313","3640.221","3572.277","3612.485","-0.649200"
"000001","2015-12-25","3614.054","3635.256","3601.738","3627.914","0.427100"
"000001","2015-12-28","3635.769","3641.588","3533.779","3533.779","-2.594700"
"000001","2015-12-29","3528.395","3564.171","3515.520","3563.736","0.847700"
"000001","2015-12-30","3566.731","3573.684","3538.112","3572.876","0.256500"
"000001","2015-12-31","3570.467","3580.602","3538.353","3539.182","-0.943000"
"000001","2016-01-04","3536.589","3538.689","3295.741","3296.258","-6.863800"
"000001","2016-01-05","3196.651","3328.139","3189.605","3287.711","-0.259300"
"000001","2016-01-06","3291.195","3362.974","3288.933","3361.840","2.254700"
"000001","2016-01-07","3309.657","3309.657","3115.885","3125.002","-7.044900"
"000001","2016-01-08","3194.625","3235.451","3056.878","3186.412","1.965100"
"000001","2016-01-11","3131.853","3166.215","3016.697","3016.704","-5.326000"
"000001","2016-01-12","3026.159","3047.664","2978.463","3022.861","0.204100"
"000001","2016-01-13","3041.107","3059.015","2949.290","2949.597","-2.423700"
"000001","2016-01-14","2874.049","3012.293","2867.553","3007.649","1.968100"
"000001","2016-01-15","2988.048","3001.708","2883.868","2900.970","-3.546900"
"000001","2016-01-18","2847.539","2945.450","2844.704","2913.837","0.443500"
"000001","2016-01-19","2914.408","3012.068","2906.404","3007.739","3.222600"
"000001","2016-01-20","2993.014","3016.283","2951.922","2976.694","-1.032200"
"000001","2016-01-21","2934.391","2998.790","2880.085","2880.482","-3.232200"
"000001","2016-01-22","2911.112","2931.359","2851.733","2916.562","1.252600"
"000001","2016-01-25","2934.078","2955.783","2911.829","2938.515","0.752700"
"000001","2016-01-26","2907.718","2911.991","2743.839","2749.785","-6.422600"
"000001","2016-01-27","2756.082","2768.772","2638.302","2735.558","-0.517400"
"000001","2016-01-28","2711.158","2740.536","2647.493","2655.661","-2.920700"
"000001","2016-01-29","2652.854","2755.367","2649.791","2737.600","3.085400"
"000001","2016-02-01","2730.984","2735.255","2655.623","2688.854","-1.780600"
"000001","2016-02-02","2687.982","2755.159","2687.982","2749.570","2.258100"
"000001","2016-02-03","2719.574","2746.072","2696.884","2739.247","-0.375400"
"000001","2016-02-04","2751.432","2793.298","2751.314","2781.023","1.525100"
"000001","2016-02-05","2783.076","2790.061","2762.160","2763.492","-0.630400"
"000001","2016-02-15","2684.961","2760.359","2682.090","2746.196","-0.625900"
"000001","2016-02-16","2758.579","2840.622","2758.579","2836.571","3.290900"
"000001","2016-02-17","2829.764","2868.701","2824.356","2867.338","1.084700"
"000001","2016-02-18","2881.777","2893.215","2857.699","2862.893","-0.155000"
"000001","2016-02-19","2854.904","2872.724","2840.488","2860.021","-0.100300"
"000001","2016-02-22","2888.598","2933.964","2880.347","2927.175","2.348000"
"000001","2016-02-23","2925.708","2928.048","2872.282","2903.331","-0.814600"
"000001","2016-02-24","2889.885","2929.871","2872.274","2928.896","0.880500"
"000001","2016-02-25","2922.237","2922.237","2729.851","2741.245","-6.406900"
"000001","2016-02-26","2760.058","2784.753","2715.874","2767.210","0.947200"
"000001","2016-02-29","2754.814","2755.890","2638.963","2687.979","-2.863200"
"000001","2016-03-01","2688.380","2747.562","2668.757","2733.170","1.681200"
"000001","2016-03-02","2733.767","2852.700","2732.539","2849.681","4.262900"
"000001","2016-03-03","2847.331","2878.445","2840.874","2859.758","0.353600"
"000001","2016-03-04","2848.538","2880.372","2808.849","2874.147","0.503200"
"000001","2016-03-07","2886.640","2911.839","2871.346","2897.340","0.807000"
"000001","2016-03-08","2895.666","2902.621","2802.563","2901.387","0.139700"
"000001","2016-03-09","2839.411","2863.015","2811.718","2862.556","-1.338400"
"000001","2016-03-10","2847.567","2863.176","2803.476","2804.726","-2.020200"
"000001","2016-03-11","2781.600","2815.607","2772.551","2810.307","0.199000"
"000001","2016-03-14","2830.084","2889.816","2823.028","2859.499","1.750400"
"000001","2016-03-15","2853.978","2865.787","2819.795","2864.368","0.170300"
"000001","2016-03-16","2858.709","2881.529","2854.192","2870.430","0.211600"
"000001","2016-03-17","2875.411","2921.000","2857.191","2904.832","1.198500"
"000001","2016-03-18","2915.518","2971.551","2908.742","2955.150","1.732200"
"000001","2016-03-21","2978.455","3028.322","2973.758","3018.802","2.153900"
"000001","2016-03-22","3001.630","3019.101","2988.426","2999.363","-0.643900"
"000001","2016-03-23","2991.169","3012.560","2980.855","3009.960","0.353300"
"000001","2016-03-24","2986.801","2998.154","2960.537","2960.970","-1.627600"
"000001","2016-03-25","2956.200","2981.408","2952.106","2979.434","0.623600"
"000001","2016-03-28","2988.010","3008.168","2948.526","2957.820","-0.725400"
"000001","2016-03-29","2956.705","2962.203","2905.251","2919.832","-1.284300"
"000001","2016-03-30","2941.218","3001.106","2941.218","3000.645","2.767700"
"000001","2016-03-31","3009.367","3023.409","2992.916","3003.915","0.109000"
"000001","2016-04-01","2997.088","3009.673","2956.247","3009.530","0.186900"
"000001","2016-04-05","3000.938","3057.330","2993.148","3053.065","1.446600"
"000001","2016-04-06","3039.745","3059.794","3029.005","3050.592","-0.081000"
"000001","2016-04-07","3058.339","3062.358","3007.060","3008.420","-1.382400"
"000001","2016-04-08","2988.200","2996.171","2960.460","2984.958","-0.779900"
"000001","2016-04-11","3006.909","3048.977","3006.909","3033.957","1.641500"
"000001","2016-04-12","3031.301","3036.825","3001.315","3023.646","-0.339900"
"000001","2016-04-13","3041.358","3097.165","3041.358","3066.638","1.421900"
"000001","2016-04-14","3080.090","3086.698","3056.989","3082.362","0.512700"
"000001","2016-04-15","3085.026","3089.951","3066.872","3078.117","-0.137700"
"000001","2016-04-18","3058.463","3058.463","3022.970","3033.660","-1.444300"
"000001","2016-04-19","3047.133","3054.503","3024.895","3042.823","0.302000"
"000001","2016-04-20","3050.381","3055.689","2905.049","2972.584","-2.308300"
"000001","2016-04-21","2954.370","2990.673","2943.464","2952.891","-0.662500"
"000001","2016-04-22","2933.035","2960.209","2926.776","2959.240","0.215000"
"000001","2016-04-25","2949.973","2954.092","2917.020","2946.670","-0.424800"
"000001","2016-04-26","2944.716","2965.429","2933.971","2964.700","0.611900"
"000001","2016-04-27","2967.190","2976.022","2949.432","2953.671","-0.372000"
"000001","2016-04-28","2955.742","2959.512","2916.374","2945.589","-0.273600"
"000001","2016-04-29","2935.376","2950.576","2930.357","2938.324","-0.246600"
"000001","2016-05-03","2940.392","2993.535","2929.815","2992.643","1.848600"
"000001","2016-05-04","2983.027","3004.418","2978.330","2991.272","-0.045800"
"000001","2016-05-05","2987.022","2999.118","2977.200","2997.842","0.219600"
"000001","2016-05-06","2998.402","3003.590","2913.036","2913.248","-2.821800"
"000001","2016-05-09","2896.162","2896.162","2821.826","2832.113","-2.785000"
"000001","2016-05-10","2822.327","2845.238","2820.164","2832.591","0.016900"
"000001","2016-05-11","2843.545","2857.254","2818.699","2837.037","0.157000"
"000001","2016-05-12","2812.108","2839.276","2781.236","2835.862","-0.041400"
"000001","2016-05-13","2828.462","2850.093","2814.115","2827.109","-0.308700"
"000001","2016-05-16","2816.775","2851.229","2804.991","2850.862","0.840200"
"000001","2016-05-17","2850.926","2860.321","2832.459","2843.684","-0.251800"
"000001","2016-05-18","2828.178","2828.255","2781.417","2807.514","-1.271900"
"000001","2016-05-19","2802.315","2829.402","2801.548","2806.906","-0.021700"
"000001","2016-05-20","2792.888","2825.952","2785.080","2825.483","0.661800"
"000001","2016-05-23","2826.312","2848.071","2826.256","2843.645","0.642800"
"000001","2016-05-24","2839.682","2839.695","2807.188","2821.666","-0.772900"
"000001","2016-05-25","2835.029","2843.165","2807.749","2815.086","-0.233200"
"000001","2016-05-26","2813.543","2827.092","2780.763","2822.443","0.261300"
"000001","2016-05-27","2817.968","2832.799","2809.799","2821.046","-0.049500"
"000001","2016-05-30","2814.651","2830.970","2794.661","2822.451","0.049800"
"000001","2016-05-31","2822.593","2917.135","2822.593","2916.616","3.336300"
"000001","2016-06-01","2917.154","2929.076","2909.512","2913.508","-0.106600"
"000001","2016-06-02","2911.219","2925.670","2906.524","2925.229","0.402300"
"000001","2016-06-03","2929.788","2945.519","2915.185","2938.682","0.459900"
"000001","2016-06-06","2940.994","2945.942","2922.283","2934.098","-0.156000"
"000001","2016-06-07","2936.282","2938.444","2923.502","2936.045","0.066400"
"000001","2016-06-08","2932.376","2937.986","2908.367","2927.159","-0.302700"
"000001","2016-06-13","2897.273","2911.158","2832.507","2833.071","-3.214300"
"000001","2016-06-14","2824.229","2843.456","2822.061","2842.189","0.321800"
"000001","2016-06-15","2814.693","2894.264","2811.781","2887.210","1.584000"
"000001","2016-06-16","2878.402","2887.743","2865.388","2872.817","-0.498500"
"000001","2016-06-17","2873.009","2900.299","2872.185","2885.105","0.427700"
"000001","2016-06-20","2887.636","2891.658","2864.020","2888.809","0.128400"
"000001","2016-06-21","2898.384","2919.302","2869.176","2878.558","-0.354900"
"000001","2016-06-22","2872.734","2905.978","2869.513","2905.550","0.937700"
"000001","2016-06-23","2902.398","2904.112","2878.661","2891.960","-0.467700"
"000001","2016-06-24","2883.759","2899.569","2807.598","2854.286","-1.302700"
"000001","2016-06-27","2840.559","2895.731","2840.277","2895.703","1.451000"
"000001","2016-06-28","2885.011","2913.582","2878.824","2912.557","0.582000"
"000001","2016-06-29","2918.534","2933.997","2915.062","2931.592","0.653500"
"000001","2016-06-30","2931.481","2938.137","2922.312","2929.606","-0.067700"
"000001","2016-07-01","2931.802","2944.989","2925.810","2932.476","0.098000"
"000001","2016-07-04","2924.293","2992.498","2922.520","2988.604","1.914000"
"000001","2016-07-05","2991.752","3010.275","2990.642","3006.392","0.595200"
"000001","2016-07-06","2998.521","3017.652","2984.828","3017.292","0.362600"
"000001","2016-07-07","3009.353","3024.109","2994.643","3016.847","-0.014700"
"000001","2016-07-08","3000.326","3001.551","2983.881","2988.094","-0.953100"
"000001","2016-07-11","2993.749","3022.944","2990.907","2994.917","0.228300"
"000001","2016-07-12","2992.520","3049.681","2984.421","3049.381","1.818500"
"000001","2016-07-13","3049.513","3069.047","3048.199","3060.689","0.370800"
"000001","2016-07-14","3054.975","3057.046","3036.523","3054.018","-0.218000"
"000001","2016-07-15","3056.682","3062.683","3044.538","3054.296","0.009100"
"000001","2016-07-18","3047.637","3058.321","3031.639","3043.564","-0.351400"
"000001","2016-07-19","3040.226","3043.600","3014.289","3036.598","-0.228900"
"000001","2016-07-20","3034.714","3042.997","3022.631","3027.900","-0.286400"
"000001","2016-07-21","3027.604","3053.334","3027.368","3039.009","0.366900"
"000001","2016-07-22","3038.118","3039.270","3007.457","3012.816","-0.861900"
"000001","2016-07-25","3008.094","3027.123","3003.292","3015.828","0.100000"
"000001","2016-07-26","3014.040","3050.615","3013.802","3050.166","1.138600"
"000001","2016-07-27","3050.368","3057.424","2939.227","2991.999","-1.907000"
"000001","2016-07-28","2980.501","3003.363","2968.182","2994.323","0.077700"
"000001","2016-07-29","2992.536","3000.055","2972.917","2979.339","-0.500400"
"000001","2016-08-01","2971.949","2972.875","2931.963","2953.385","-0.871100"
"000001","2016-08-02","2950.080","2971.279","2946.637","2971.279","0.605900"
"000001","2016-08-03","2963.215","2981.156","2956.786","2978.461","0.241700"
"000001","2016-08-04","2976.410","2982.860","2958.933","2982.426","0.133100"
"000001","2016-08-05","2978.778","2991.677","2971.564","2976.696","-0.192100"
"000001","2016-08-08","2972.625","3004.718","2959.048","3004.277","0.926600"
"000001","2016-08-09","3001.306","3025.911","2998.677","3025.681","0.712500"
"000001","2016-08-10","3023.472","3033.196","3017.090","3018.746","-0.229200"
"000001","2016-08-11","3013.678","3038.048","3001.168","3002.638","-0.533600"
"000001","2016-08-12","3000.273","3051.054","2999.039","3050.667","1.599600"
"000001","2016-08-15","3056.484","3137.476","3053.871","3125.195","2.443000"
"000001","2016-08-16","3130.533","3140.441","3102.065","3110.037","-0.485000"
"000001","2016-08-17","3106.991","3114.255","3090.281","3109.555","-0.015500"
"000001","2016-08-18","3107.753","3125.581","3093.317","3104.114","-0.175000"
"000001","2016-08-19","3100.391","3113.344","3082.771","3108.102","0.128500"
"000001","2016-08-22","3107.381","3112.740","3083.593","3084.805","-0.749600"
"000001","2016-08-23","3081.572","3101.110","3073.529","3089.706","0.158900"
"000001","2016-08-24","3092.020","3097.148","3079.548","3085.880","-0.123800"
"000001","2016-08-25","3073.444","3073.444","3041.505","3068.329","-0.568800"
"000001","2016-08-26","3069.850","3087.652","3063.894","3070.309","0.064500"
"000001","2016-08-29","3068.460","3074.943","3058.785","3070.027","-0.009200"
"000001","2016-08-30","3071.440","3082.988","3065.971","3074.677","0.151500"
"000001","2016-08-31","3072.916","3087.698","3063.396","3085.491","0.351700"
"000001","2016-09-01","3083.961","3088.704","3062.876","3063.305","-0.719000"
"000001","2016-09-02","3057.495","3072.526","3050.492","3067.352","0.132100"
"000001","2016-09-05","3070.707","3085.485","3065.329","3072.095","0.154600"
"000001","2016-09-06","3071.055","3095.509","3053.187","3090.713","0.606000"
"000001","2016-09-07","3091.329","3105.678","3087.879","3091.928","0.039300"
"000001","2016-09-08","3089.953","3096.783","3083.902","3095.954","0.130200"
"000001","2016-09-09","3095.427","3101.792","3078.218","3078.855","-0.552300"
"000001","2016-09-12","3037.507","3040.952","2999.929","3021.977","-1.847400"
"000001","2016-09-13","3025.035","3029.721","3008.741","3023.510","0.050700"
"000001","2016-09-14","3008.904","3017.945","2995.416","3002.849","-0.683300"
"000001","2016-09-19","3005.323","3026.651","3005.323","3026.051","0.772700"
"000001","2016-09-20","3027.172","3027.817","3015.880","3023.000","-0.100800"
"000001","2016-09-21","3021.576","3032.450","3017.541","3025.874","0.095100"
"000001","2016-09-22","3038.422","3054.435","3035.070","3042.313","0.543300"
"000001","2016-09-23","3044.786","3046.805","3032.802","3033.896","-0.276700"
"000001","2016-09-26","3028.243","3028.243","2980.117","2980.430","-1.762300"
"000001","2016-09-27","2974.593","2998.233","2969.132","2998.172","0.595300"
"000001","2016-09-28","3000.695","3000.695","2984.321","2987.858","-0.344000"
"000001","2016-09-29","2992.168","3009.198","2991.909","2998.483","0.355600"
"000001","2016-09-30","2994.251","3009.195","2993.062","3004.703","0.207400"
"000001","2016-10-10","3020.457","3048.236","3014.620","3048.143","1.445700"
"000001","2016-10-11","3051.622","3066.104","3048.018","3065.250","0.561200"
"000001","2016-10-12","3057.316","3060.514","3048.888","3058.498","-0.220300"
"000001","2016-10-13","3057.972","3064.999","3052.640","3061.346","0.093100"
"000001","2016-10-14","3056.993","3064.790","3043.184","3063.809","0.080500"
"000001","2016-10-17","3064.691","3068.812","3033.753","3041.166","-0.739000"
"000001","2016-10-18","3037.404","3084.187","3037.404","3083.875","1.404400"
"000001","2016-10-19","3085.749","3096.223","3076.771","3084.719","0.027400"
"000001","2016-10-20","3084.908","3089.682","3076.295","3084.458","-0.008500"
"000001","2016-10-21","3081.389","3101.849","3069.267","3090.941","0.210200"
"000001","2016-10-24","3092.047","3137.034","3090.786","3128.247","1.206900"
"000001","2016-10-25","3127.968","3132.505","3121.050","3131.939","0.118000"
"000001","2016-10-26","3129.838","3129.838","3110.387","3116.312","-0.499000"
"000001","2016-10-27","3112.603","3114.759","3100.392","3112.350","-0.127100"
"000001","2016-10-28","3111.704","3128.643","3101.237","3104.270","-0.259600"
"000001","2016-10-31","3097.188","3102.302","3081.072","3100.492","-0.121700"
"000001","2016-11-01","3101.664","3122.615","3097.042","3122.436","0.707800"
"000001","2016-11-02","3115.729","3118.977","3099.820","3102.733","-0.631000"
"000001","2016-11-03","3096.765","3140.930","3094.103","3128.936","0.844500"
"000001","2016-11-04","3126.349","3141.334","3119.535","3125.317","-0.115700"
"000001","2016-11-07","3124.892","3139.202","3117.096","3133.333","0.256500"
"000001","2016-11-08","3140.944","3156.881","3134.955","3147.888","0.464500"
"000001","2016-11-09","3146.078","3146.950","3096.947","3128.370","-0.620000"
"000001","2016-11-10","3148.544","3172.309","3148.544","3171.282","1.371700"
"000001","2016-11-11","3169.401","3202.740","3166.070","3196.044","0.780800"
"000001","2016-11-14","3187.709","3221.458","3186.796","3210.371","0.448300"
"000001","2016-11-15","3209.955","3214.292","3195.035","3206.986","-0.105400"
"000001","2016-11-16","3208.497","3210.893","3195.411","3205.057","-0.060100"
"000001","2016-11-17","3198.499","3211.053","3187.206","3208.453","0.106000"
"000001","2016-11-18","3207.193","3212.394","3187.496","3192.856","-0.486100"
"000001","2016-11-21","3188.496","3229.757","3188.280","3218.148","0.792100"
"000001","2016-11-22","3220.983","3249.677","3220.983","3248.352","0.938600"
"000001","2016-11-23","3247.945","3262.879","3231.586","3241.137","-0.222100"
"000001","2016-11-24","3237.428","3257.857","3232.869","3241.736","0.018500"
"000001","2016-11-25","3241.243","3262.438","3209.598","3261.938","0.623200"
"000001","2016-11-28","3270.047","3288.337","3267.674","3277.000","0.461800"
"000001","2016-11-29","3269.234","3301.213","3263.397","3282.924","0.180800"
"000001","2016-11-30","3272.142","3277.269","3239.521","3250.034","-1.001900"
"000001","2016-12-01","3257.027","3279.671","3256.256","3273.309","0.716100"
"000001","2016-12-02","3270.121","3279.714","3235.277","3243.843","-0.900200"
"000001","2016-12-05","3203.784","3219.518","3194.879","3204.709","-1.206400"
"000001","2016-12-06","3202.029","3215.311","3196.525","3199.647","-0.158000"
"000001","2016-12-07","3198.475","3222.428","3189.485","3222.242","0.706200"
"000001","2016-12-08","3225.550","3228.122","3211.471","3215.366","-0.213400"
"000001","2016-12-09","3209.340","3244.801","3207.043","3232.883","0.544800"
"000001","2016-12-12","3233.666","3245.095","3149.896","3152.970","-2.471900"
"000001","2016-12-13","3138.988","3162.496","3118.712","3155.037","0.065600"
"000001","2016-12-14","3149.377","3170.021","3136.348","3140.531","-0.459800"
"000001","2016-12-15","3125.757","3138.779","3100.913","3117.677","-0.727700"
"000001","2016-12-16","3111.515","3128.874","3106.346","3122.982","0.170200"
"000001","2016-12-19","3120.696","3125.284","3110.082","3118.085","-0.156800"
"000001","2016-12-20","3115.898","3117.015","3084.800","3102.876","-0.487800"
"000001","2016-12-21","3107.240","3140.251","3107.240","3137.430","1.113600"
"000001","2016-12-22","3132.156","3143.169","3126.887","3139.558","0.067800"
"000001","2016-12-23","3134.929","3138.404","3103.748","3110.154","-0.936600"
"000001","2016-12-26","3095.579","3122.881","3068.415","3122.569","0.399200"
"000001","2016-12-27","3117.387","3127.883","3113.745","3114.664","-0.253200"
"000001","2016-12-28","3113.767","3118.782","3094.549","3102.236","-0.399000"
"000001","2016-12-29","3095.845","3111.799","3087.344","3096.097","-0.197900"
"000001","2016-12-30","3097.345","3108.839","3089.989","3103.637","0.243500"
