"Indexcd","Month","Opnidx","Highidx","Lowidx","Clsidx","Idxrtn"
"000001","1990-12","96.050","127.610","95.790","127.610","0.000000"
"000001","1991-01","127.610","135.190","127.610","129.970","0.018494"
"000001","1991-02","129.500","134.870","128.060","133.010","0.023390"
"000001","1991-03","132.530","132.530","120.110","120.190","-0.096384"
"000001","1991-04","120.690","122.200","113.890","113.940","-0.052001"
"000001","1991-05","113.040","114.830","104.960","114.830","0.007811"
"000001","1991-06","115.900","137.560","114.890","137.560","0.197945"
"000001","1991-07","136.640","143.800","131.870","143.800","0.045362"
"000001","1991-08","145.120","178.430","143.800","178.430","0.240821"
"000001","1991-09","180.080","191.180","178.430","180.920","0.013955"
"000001","1991-10","181.550","218.600","179.800","218.600","0.208269"
"000001","1991-11","220.710","259.850","218.600","259.600","0.187557"
"000001","1991-12","261.780","292.750","259.670","292.750","0.127696"
"000001","1992-01","293.740","313.240","292.760","313.240","0.069991"
"000001","1992-02","314.180","364.670","313.240","364.660","0.164155"
"000001","1992-03","365.150","382.060","364.660","381.240","0.045467"
"000001","1992-04","381.550","448.940","381.010","445.380","0.168240"
"000001","1992-05","454.860","1429.010","439.960","1234.710","1.772262"
"000001","1992-06","1175.690","1249.580","1033.470","1191.190","-0.035247"
"000001","1992-07","1199.540","1215.240","961.610","1052.070","-0.116791"
"000001","1992-08","1034.700","1060.360","627.360","823.270","-0.217476"
"000001","1992-09","826.960","832.840","595.420","702.320","-0.146914"
"000001","1992-10","676.470","713.770","447.930","507.250","-0.277751"
"000001","1992-11","471.180","752.320","386.850","724.600","0.428487"
"000001","1992-12","718.990","841.020","592.780","780.390","0.076994"
"000001","1993-01","784.130","1198.480","777.160","1198.480","0.535745"
"000001","1993-02","1242.350","1558.950","1196.470","1339.880","0.117983"
"000001","1993-03","1328.220","1339.100","913.740","925.910","-0.308961"
"000001","1993-04","921.590","1392.620","915.590","1358.780","0.467508"
"000001","1993-05","1365.150","1380.500","930.640","935.480","-0.311529"
"000001","1993-06","935.900","1177.910","859.480","1007.050","0.076506"
"000001","1993-07","1000.800","1009.890","777.730","881.070","-0.125098"
"000001","1993-08","885.310","1042.470","823.000","895.680","0.016582"
"000001","1993-09","898.010","947.530","864.380","890.270","-0.006040"
"000001","1993-10","895.690","934.400","774.540","814.820","-0.084750"
"000001","1993-11","801.860","1011.760","793.320","984.930","0.208770"
"000001","1993-12","993.670","1044.850","750.460","833.800","-0.153442"
"000001","1994-01","837.700","907.090","760.780","770.250","-0.076217"
"000001","1994-02","770.250","818.570","749.630","770.980","0.000948"
"000001","1994-03","771.520","807.520","694.030","704.460","-0.086280"
"000001","1994-04","704.930","705.410","536.340","592.560","-0.158845"
"000001","1994-05","593.940","620.940","537.780","556.260","-0.061260"
"000001","1994-06","554.080","556.900","458.740","469.290","-0.156348"
"000001","1994-07","469.270","469.430","325.890","333.920","-0.288457"
"000001","1994-08","394.870","787.220","377.970","785.330","1.351851"
"000001","1994-09","785.610","1052.940","785.560","791.150","0.007411"
"000001","1994-10","770.900","794.850","546.790","654.980","-0.172117"
"000001","1994-11","667.660","743.220","648.680","683.590","0.043681"
"000001","1994-12","684.020","695.220","620.470","647.870","-0.052254"
"000001","1995-01","637.720","657.450","547.380","562.590","-0.131631"
"000001","1995-02","559.780","608.580","524.420","549.260","-0.023694"
"000001","1995-03","548.910","648.040","545.720","646.920","0.177803"
"000001","1995-04","651.040","681.150","547.210","579.930","-0.103552"
"000001","1995-05","576.690","926.410","564.860","700.510","0.207922"
"000001","1995-06","703.720","722.300","625.700","630.580","-0.099827"
"000001","1995-07","623.140","723.680","610.330","695.550","0.103032"
"000001","1995-08","697.220","788.160","688.650","723.870","0.040716"
"000001","1995-09","726.050","792.540","699.100","722.430","-0.001989"
"000001","1995-10","724.040","765.480","693.860","717.320","-0.007073"
"000001","1995-11","716.460","736.910","632.030","641.140","-0.106201"
"000001","1995-12","631.550","643.360","552.840","555.290","-0.133902"
"000001","1996-01","550.260","561.360","512.830","537.350","-0.032307"
"000001","1996-02","536.240","553.830","518.180","552.940","0.029013"
"000001","1996-03","583.380","606.510","549.720","556.390","0.006239"
"000001","1996-04","566.210","739.290","556.230","681.160","0.224249"
"000001","1996-05","715.970","725.160","630.420","643.650","-0.055068"
"000001","1996-06","643.960","819.840","636.460","804.250","0.249514"
"000001","1996-07","800.910","894.730","753.640","822.480","0.022667"
"000001","1996-08","823.170","894.860","766.700","809.940","-0.015247"
"000001","1996-09","812.940","875.530","752.680","875.530","0.080981"
"000001","1996-10","887.850","1038.810","852.830","976.710","0.115564"
"000001","1996-11","935.170","1047.390","896.880","1032.950","0.057581"
"000001","1996-12","1056.680","1258.690","855.850","917.020","-0.112232"
"000001","1997-01","914.060","967.900","871.780","964.740","0.052038"
"000001","1997-02","969.530","1040.330","870.180","1040.270","0.078291"
"000001","1997-03","1044.610","1234.960","1043.930","1234.620","0.186826"
"000001","1997-04","1243.870","1396.480","1222.560","1393.750","0.128890"
"000001","1997-05","1398.140","1510.180","1213.240","1285.180","-0.077898"
"000001","1997-06","1302.820","1369.510","1154.970","1250.270","-0.027164"
"000001","1997-07","1255.910","1261.570","1066.040","1189.760","-0.048398"
"000001","1997-08","1191.650","1223.070","1116.150","1221.060","0.026308"
"000001","1997-09","1224.180","1264.490","1025.130","1097.380","-0.101289"
"000001","1997-10","1100.700","1241.830","1087.020","1180.390","0.075644"
"000001","1997-11","1181.160","1213.230","1114.140","1139.630","-0.034531"
"000001","1997-12","1137.590","1198.970","1119.200","1194.100","0.047796"
"000001","1998-01","1200.950","1250.010","1110.090","1222.910","0.024127"
"000001","1998-02","1257.990","1262.620","1189.520","1206.530","-0.013394"
"000001","1998-03","1196.740","1252.240","1175.550","1243.020","0.030244"
"000001","1998-04","1243.370","1343.460","1240.060","1343.450","0.080795"
"000001","1998-05","1353.060","1411.350","1324.720","1411.210","0.050437"
"000001","1998-06","1418.350","1422.980","1323.530","1339.200","-0.051027"
"000001","1998-07","1363.270","1367.150","1278.300","1316.920","-0.016637"
"000001","1998-08","1315.140","1315.470","1043.020","1150.220","-0.126583"
"000001","1998-09","1142.500","1264.400","1123.640","1242.900","0.080576"
"000001","1998-10","1245.740","1263.710","1191.560","1217.320","-0.020581"
"000001","1998-11","1217.340","1300.150","1210.850","1247.420","0.024726"
"000001","1998-12","1249.010","1251.870","1125.560","1146.700","-0.080743"
"000001","1999-01","1144.890","1174.430","1104.500","1134.670","-0.010491"
"000001","1999-02","1131.650","1131.660","1064.170","1090.090","-0.039289"
"000001","1999-03","1092.150","1179.650","1084.160","1158.050","0.062343"
"000001","1999-04","1158.680","1210.100","1087.790","1120.930","-0.032054"
"000001","1999-05","1120.910","1303.480","1047.830","1279.330","0.141311"
"000001","1999-06","1283.300","1756.180","1259.010","1689.430","0.320558"
"000001","1999-07","1678.840","1678.840","1471.510","1601.460","-0.052071"
"000001","1999-08","1607.060","1658.690","1546.840","1627.120","0.016023"
"000001","1999-09","1627.820","1695.640","1556.740","1570.700","-0.034675"
"000001","1999-10","1568.240","1568.380","1452.710","1504.560","-0.042109"
"000001","1999-11","1501.730","1506.990","1427.360","1434.970","-0.046253"
"000001","1999-12","1434.980","1461.900","1341.050","1366.580","-0.047660"
"000001","2000-01","1368.690","1547.710","1361.210","1535.000","0.123242"
"000001","2000-02","1591.440","1770.880","1583.580","1714.580","0.116990"
"000001","2000-03","1720.600","1811.060","1596.070","1800.220","0.049948"
"000001","2000-04","1799.570","1858.270","1746.300","1836.320","0.020053"
"000001","2000-05","1848.170","1908.310","1695.530","1894.550","0.031710"
"000001","2000-06","1900.530","1953.340","1884.620","1928.110","0.017714"
"000001","2000-07","1917.440","2025.000","1888.250","2023.540","0.049494"
"000001","2000-08","2027.010","2114.520","1980.340","2021.200","-0.001156"
"000001","2000-09","2009.150","2026.350","1874.210","1910.160","-0.054938"
"000001","2000-10","1912.080","1980.630","1896.940","1961.290","0.026767"
"000001","2000-11","1961.080","2125.720","1959.720","2070.610","0.055739"
"000001","2000-12","2073.090","2097.290","2024.290","2073.480","0.001386"
"000001","2001-01","2077.080","2131.980","2007.710","2065.610","-0.003796"
"000001","2001-02","2069.860","2072.550","1893.780","1959.180","-0.051525"
"000001","2001-03","1959.010","2112.880","1953.720","2112.770","0.078395"
"000001","2001-04","2117.450","2179.740","2081.640","2119.180","0.003034"
"000001","2001-05","2119.900","2222.650","2119.890","2214.260","0.044866"
"000001","2001-06","2216.560","2245.440","2157.120","2218.030","0.001703"
"000001","2001-07","2220.420","2223.210","1909.300","1920.320","-0.134223"
"000001","2001-08","1925.240","1990.700","1795.570","1834.140","-0.044878"
"000001","2001-09","1831.700","1888.900","1750.760","1764.870","-0.037767"
"000001","2001-10","1766.130","1773.800","1514.860","1689.170","-0.042893"
"000001","2001-11","1692.350","1748.000","1550.460","1747.990","0.034822"
"000001","2001-12","1751.050","1776.020","1593.030","1645.970","-0.058364"
"000001","2002-01","1643.480","1643.500","1339.200","1491.670","-0.093744"
"000001","2002-02","1494.580","1544.920","1476.130","1524.700","0.022143"
"000001","2002-03","1521.530","1693.870","1494.830","1603.910","0.051951"
"000001","2002-04","1598.030","1680.300","1575.970","1667.750","0.039803"
"000001","2002-05","1669.870","1670.920","1506.540","1515.730","-0.091153"
"000001","2002-06","1510.250","1748.890","1455.310","1732.760","0.143185"
"000001","2002-07","1736.290","1741.920","1647.270","1651.590","-0.046844"
"000001","2002-08","1650.050","1696.280","1624.050","1666.620","0.009100"
"000001","2002-09","1666.340","1680.280","1577.530","1581.620","-0.051001"
"000001","2002-10","1577.050","1577.050","1488.680","1507.500","-0.046863"
"000001","2002-11","1507.380","1573.100","1353.140","1434.180","-0.048637"
"000001","2002-12","1432.030","1439.850","1348.710","1357.650","-0.053362"
"000001","2003-01","1347.430","1508.590","1311.680","1499.820","0.104718"
"000001","2003-02","1499.170","1524.750","1474.470","1511.930","0.008074"
"000001","2003-03","1511.590","1529.750","1447.010","1510.580","-0.000893"
"000001","2003-04","1513.000","1649.600","1473.270","1521.440","0.007189"
"000001","2003-05","1522.980","1581.610","1477.250","1576.260","0.036032"
"000001","2003-06","1577.990","1582.410","1483.690","1486.020","-0.057249"
"000001","2003-07","1485.520","1540.190","1464.870","1476.740","-0.006245"
"000001","2003-08","1476.470","1497.100","1406.680","1421.980","-0.037082"
"000001","2003-09","1423.350","1456.550","1348.220","1367.160","-0.038552"
"000001","2003-10","1366.200","1411.880","1334.780","1348.300","-0.013795"
"000001","2003-11","1346.480","1423.580","1307.400","1397.230","0.036290"
"000001","2003-12","1398.710","1525.300","1398.710","1497.040","0.071434"
"000001","2004-01","1492.720","1634.410","1491.690","1590.730","0.062583"
"000001","2004-02","1630.650","1730.280","1585.960","1675.070","0.053020"
"000001","2004-03","1676.220","1760.080","1634.710","1741.620","0.039730"
"000001","2004-04","1744.710","1783.010","1572.230","1595.590","-0.083847"
"000001","2004-05","1600.630","1606.070","1508.650","1555.910","-0.024869"
"000001","2004-06","1555.560","1580.570","1376.220","1399.160","-0.100745"
"000001","2004-07","1398.200","1466.780","1366.500","1386.200","-0.009263"
"000001","2004-08","1381.880","1424.550","1310.020","1342.060","-0.031842"
"000001","2004-09","1340.750","1496.210","1259.430","1396.700","0.040714"
"000001","2004-10","1395.670","1437.570","1289.870","1320.540","-0.054529"
"000001","2004-11","1317.660","1387.340","1290.990","1340.770","0.015319"
"000001","2004-12","1340.920","1352.460","1264.150","1266.500","-0.055394"
"000001","2005-01","1260.780","1268.860","1189.210","1191.820","-0.058966"
"000001","2005-02","1189.500","1328.530","1188.390","1306.000","0.095803"
"000001","2005-03","1305.250","1326.080","1162.030","1181.240","-0.095528"
"000001","2005-04","1180.370","1254.320","1135.730","1159.150","-0.018701"
"000001","2005-05","1160.620","1165.390","1043.280","1060.740","-0.084898"
"000001","2005-06","1059.610","1146.420","998.230","1080.940","0.019043"
"000001","2005-07","1077.310","1097.630","1004.080","1083.030","0.001934"
"000001","2005-08","1082.800","1201.760","1081.120","1162.800","0.073654"
"000001","2005-09","1163.700","1223.570","1129.050","1155.610","-0.006183"
"000001","2005-10","1153.670","1165.670","1067.410","1092.820","-0.054335"
"000001","2005-11","1091.680","1122.880","1074.300","1099.260","0.005893"
"000001","2005-12","1098.780","1173.060","1074.010","1161.060","0.056220"
"000001","2006-01","1163.880","1262.090","1161.910","1258.050","0.083536"
"000001","2006-02","1263.000","1304.610","1256.810","1299.030","0.032574"
"000001","2006-03","1299.150","1313.130","1238.160","1298.300","-0.000562"
"000001","2006-04","1298.680","1444.710","1298.680","1440.220","0.109312"
"000001","2006-05","1446.990","1678.600","1446.990","1641.300","0.139618"
"000001","2006-06","1639.670","1695.580","1512.520","1672.210","0.018833"
"000001","2006-07","1677.310","1757.470","1611.160","1612.730","-0.035570"
"000001","2006-08","1619.640","1667.530","1541.410","1658.640","0.028467"
"000001","2006-09","1658.660","1755.690","1634.030","1752.420","0.056540"
"000001","2006-10","1768.140","1842.730","1753.490","1837.990","0.048830"
"000001","2006-11","1838.680","2102.060","1833.200","2099.290","0.142166"
"000001","2006-12","2106.300","2698.900","2084.270","2675.470","0.274464"
"000001","2007-01","2728.190","2994.280","2617.020","2786.340","0.041439"
"000001","2007-02","2744.810","3049.770","2541.530","2881.070","0.033998"
"000001","2007-03","2877.200","3273.730","2723.070","3183.980","0.105138"
"000001","2007-04","3196.590","3851.350","3196.590","3841.270","0.206437"
"000001","2007-05","3937.940","4335.960","3845.230","4109.650","0.069868"
"000001","2007-06","4120.630","4312.000","3404.150","3820.700","-0.070310"
"000001","2007-07","3800.230","4476.630","3563.540","4471.030","0.170212"
"000001","2007-08","4488.770","5235.160","4284.870","5218.830","0.167255"
"000001","2007-09","5257.780","5560.420","5025.340","5552.300","0.063897"
"000001","2007-10","5683.310","6124.040","5462.010","5954.770","0.072487"
"000001","2007-11","5978.940","6005.130","4778.730","4871.780","-0.181869"
"000001","2007-12","4838.560","5336.500","4798.010","5261.560","0.080008"
"000001","2008-01","5265.000","5522.780","4330.700","4383.390","-0.166903"
"000001","2008-02","4388.250","4695.800","4123.310","4348.540","-0.007950"
"000001","2008-03","4323.700","4472.150","3357.230","3472.710","-0.201408"
"000001","2008-04","3461.090","3705.090","2990.790","3693.110","0.063466"
"000001","2008-05","3739.800","3786.020","3333.950","3433.350","-0.070336"
"000001","2008-06","3426.200","3483.610","2693.400","2736.100","-0.203082"
"000001","2008-07","2743.160","2952.040","2566.530","2775.720","0.014480"
"000001","2008-08","2751.020","2830.760","2284.590","2397.370","-0.136307"
"000001","2008-09","2380.470","2380.470","1802.330","2293.780","-0.043210"
"000001","2008-10","2267.390","2267.390","1664.930","1728.790","-0.246314"
"000001","2008-11","1713.760","2050.880","1678.960","1871.160","0.082352"
"000001","2008-12","1865.740","2100.810","1814.750","1820.810","-0.026908"
"000001","2009-01","1849.020","2018.510","1844.090","1990.660","0.093283"
"000001","2009-02","2008.130","2402.810","1987.130","2082.850","0.046311"
"000001","2009-03","2066.230","2392.770","2037.020","2373.210","0.139405"
"000001","2009-04","2380.980","2579.220","2331.880","2477.570","0.043974"
"000001","2009-05","2486.690","2688.110","2486.230","2632.930","0.062707"
"000001","2009-06","2668.400","2997.270","2668.400","2959.360","0.123980"
"000001","2009-07","2950.170","3454.020","2947.690","3412.060","0.152972"
"000001","2009-08","3429.690","3478.010","2663.000","2667.750","-0.218141"
"000001","2009-09","2649.170","3068.030","2639.760","2779.430","0.041863"
"000001","2009-10","2840.130","3123.460","2834.620","2995.850","0.077865"
"000001","2009-11","2933.820","3361.390","2923.530","3195.300","0.066575"
"000001","2009-12","3191.060","3334.010","3039.860","3277.140","0.025613"
"000001","2010-01","3289.750","3306.750","2963.890","2989.290","-0.087836"
"000001","2010-02","2981.370","3067.530","2890.020","3051.940","0.020958"
"000001","2010-03","3057.010","3132.580","2963.440","3109.110","0.018732"
"000001","2010-04","3111.940","3181.660","2820.950","2870.610","-0.076710"
"000001","2010-05","2821.350","2862.560","2481.970","2592.150","-0.097004"
"000001","2010-06","2577.760","2598.900","2382.360","2398.370","-0.074756"
"000001","2010-07","2393.950","2656.410","2319.740","2637.500","0.099705"
"000001","2010-08","2635.810","2701.930","2564.840","2638.800","0.000493"
"000001","2010-09","2641.050","2704.930","2573.630","2655.660","0.006389"
"000001","2010-10","2681.250","3073.380","2677.990","2978.840","0.121695"
"000001","2010-11","2986.890","3186.720","2758.920","2820.180","-0.053262"
"000001","2010-12","2810.540","2939.050","2721.480","2808.080","-0.004291"
"000001","2011-01","2825.330","2868.010","2661.450","2790.690","-0.006193"
"000001","2011-02","2795.070","2944.410","2760.180","2905.050","0.040979"
"000001","2011-03","2906.290","3012.040","2850.950","2928.110","0.007938"
"000001","2011-04","2932.480","3067.460","2871.010","2911.510","-0.005669"
"000001","2011-05","2911.510","2933.460","2689.210","2743.470","-0.057716"
"000001","2011-06","2737.060","2774.370","2610.990","2762.080","0.006783"
"000001","2011-07","2767.830","2826.960","2677.120","2701.730","-0.021849"
"000001","2011-08","2697.580","2712.890","2437.680","2567.340","-0.049742"
"000001","2011-09","2569.800","2584.800","2348.220","2359.220","-0.081064"
"000001","2011-10","2363.080","2483.760","2307.150","2468.250","0.046214"
"000001","2011-11","2450.330","2536.780","2319.440","2333.410","-0.054630"
"000001","2011-12","2392.490","2423.560","2134.020","2199.420","-0.057422"
"000001","2012-01","2212.000","2324.490","2132.630","2292.610","0.042370"
"000001","2012-02","2288.070","2478.380","2263.340","2428.490","0.059269"
"000001","2012-03","2418.790","2476.220","2242.345","2262.788","-0.068233"
"000001","2012-04","2258.031","2415.749","2251.393","2396.316","0.059010"
"000001","2012-05","2421.082","2453.731","2309.072","2372.234","-0.010050"
"000001","2012-06","2373.224","2388.087","2188.716","2225.431","-0.061884"
"000001","2012-07","2234.320","2244.832","2100.252","2103.634","-0.054730"
"000001","2012-08","2101.723","2176.795","2032.537","2047.522","-0.026674"
"000001","2012-09","2044.825","2145.003","1999.484","2086.169","0.018875"
"000001","2012-10","2084.849","2138.027","2053.092","2068.880","-0.008287"
"000001","2012-11","2070.020","2123.327","1959.334","1980.117","-0.042904"
"000001","2012-12","1977.254","2269.512","1949.457","2269.128","0.145957"
"000001","2013-01","2289.510","2391.821","2234.947","2385.422","0.051251"
"000001","2013-02","2377.414","2444.804","2289.887","2365.593","-0.008313"
"000001","2013-03","2364.544","2369.649","2228.813","2236.621","-0.054520"
"000001","2013-04","2229.460","2253.421","2165.784","2177.912","-0.026249"
"000001","2013-05","2170.783","2334.335","2161.140","2300.595","0.056331"
"000001","2013-06","2300.209","2313.425","1849.653","1979.206","-0.139698"
"000001","2013-07","1965.987","2092.868","1946.366","1993.799","0.007373"
"000001","2013-08","2000.818","2198.848","1997.058","2098.382","0.052454"
"000001","2013-09","2104.090","2270.268","2078.455","2174.665","0.036353"
"000001","2013-10","2171.904","2242.984","2093.197","2141.614","-0.015198"
"000001","2013-11","2139.880","2234.387","2078.988","2220.504","0.036837"
"000001","2013-12","2203.122","2260.871","2068.543","2115.978","-0.047073"
"000001","2014-01","2112.126","2113.110","1984.824","2033.083","-0.039176"
"000001","2014-02","2022.323","2177.978","2014.381","2056.302","0.011421"
"000001","2014-03","2052.075","2079.551","1974.382","2033.306","-0.011183"
"000001","2014-04","2031.005","2146.670","1997.640","2026.358","-0.003417"
"000001","2014-05","2022.178","2061.060","1991.055","2039.212","0.006343"
"000001","2014-06","2039.196","2087.322","2010.530","2048.327","0.004470"
"000001","2014-07","2051.225","2202.126","2033.004","2201.562","0.074810"
"000001","2014-08","2194.170","2248.939","2180.597","2217.200","0.007103"
"000001","2014-09","2220.129","2365.491","2217.685","2363.870","0.066151"
"000001","2014-10","2368.576","2423.596","2279.836","2420.178","0.023820"
"000001","2014-11","2425.225","2683.180","2401.750","2682.835","0.108528"
"000001","2014-12","2691.725","3239.357","2665.686","3234.677","0.205694"
"000001","2015-01","3258.627","3406.786","3095.066","3210.363","-0.007517"
"000001","2015-02","3148.136","3324.546","3049.111","3310.303","0.031130"
"000001","2015-03","3332.721","3835.567","3198.370","3747.899","0.132192"
"000001","2015-04","3748.340","4572.391","3742.213","4441.655","0.185105"
"000001","2015-05","4441.343","4986.503","4099.042","4611.744","0.038294"
"000001","2015-06","4633.098","5178.191","3847.880","4277.222","-0.072537"
"000001","2015-07","4214.150","4317.053","3373.540","3663.726","-0.143433"
"000001","2015-08","3614.990","4006.337","2850.714","3205.986","-0.124938"
"000001","2015-09","3157.832","3256.743","2983.535","3052.781","-0.047787"
"000001","2015-10","3156.075","3457.517","3133.127","3382.561","0.108026"
"000001","2015-11","3337.578","3678.273","3302.184","3445.405","0.018579"
"000001","2015-12","3442.441","3684.567","3399.280","3539.182","0.027218"
"000001","2016-01","3536.589","3538.689","2638.302","2737.600","-0.226488"
"000001","2016-02","2730.984","2933.964","2638.963","2687.979","-0.018126"
"000001","2016-03","2688.380","3028.322","2668.757","3003.915","0.117537"
"000001","2016-04","2997.088","3097.165","2905.049","2938.324","-0.021835"
"000001","2016-05","2940.392","3004.418","2780.763","2916.616","-0.007388"
"000001","2016-06","2917.154","2945.942","2807.598","2929.606","0.004454"
"000001","2016-07","2931.802","3069.047","2922.520","2979.339","0.016976"
"000001","2016-08","2971.949","3140.441","2931.963","3085.491","0.035629"
"000001","2016-09","3083.961","3105.678","2969.132","3004.703","-0.026183"
"000001","2016-10","3020.457","3137.034","3014.620","3100.492","0.031880"
"000001","2016-11","3101.664","3301.213","3094.103","3250.034","0.048232"
"000001","2016-12","3257.027","3279.714","3068.415","3103.637","-0.045045"
"000001","2017-01","3105.309","3174.578","3044.291","3159.166","0.017892"
"000001","2017-02","3160.082","3264.082","3132.033","3241.733","0.026136"
"000001","2017-03","3240.073","3283.239","3193.157","3222.514","-0.005929"
"000001","2017-04","3235.660","3295.187","3097.333","3154.658","-0.021057"
"000001","2017-05","3147.228","3154.781","3016.531","3117.178","-0.011881"
"000001","2017-06","3108.421","3193.461","3078.787","3192.427","0.024140"
"000001","2017-07","3191.998","3276.946","3139.504","3273.028","0.025248"
"000001","2017-08","3274.369","3376.648","3200.748","3360.810","0.026820"
"000001","2017-09","3365.991","3391.644","3332.599","3348.943","-0.003531"
"000001","2017-10","3403.246","3421.103","3357.276","3393.342","0.013258"
"000001","2017-11","3393.968","3450.495","3300.781","3317.188","-0.022442"
"000001","2017-12","3315.105","3324.516","3254.178","3307.172","-0.003019"
"000001","2018-01","3314.031","3587.032","3314.031","3480.833","0.052510"
"000001","2018-02","3478.670","3495.093","3062.743","3259.408","-0.063613"
"000001","2018-03","3235.089","3333.875","3091.458","3168.897","-0.027769"
"000001","2018-04","3169.779","3220.845","3041.625","3082.232","-0.027349"
"000001","2018-05","3087.409","3219.740","3041.000","3095.474","0.004296"
"000001","2018-06","3084.754","3128.715","2782.381","2847.418","-0.080135"
"000001","2018-07","2841.580","2915.297","2691.021","2876.401","0.010179"
"000001","2018-08","2882.506","2897.400","2653.112","2725.250","-0.052549"
"000001","2018-09","2716.404","2827.341","2644.296","2821.350","0.035263"
"000001","2018-10","2768.208","2771.938","2449.197","2602.783","-0.077469"
"000001","2018-11","2617.033","2703.512","2555.322","2588.188","-0.005607"
"000001","2018-12","2647.132","2666.078","2462.845","2493.896","-0.036432"
"000001","2019-01","2497.881","2630.318","2440.907","2584.572","0.036359"
"000001","2019-02","2597.778","2997.488","2590.554","2940.954","0.137888"
"000001","2019-03","2954.402","3129.940","2930.835","3090.758","0.050937"
"000001","2019-04","3111.662","3288.453","3050.026","3078.339","-0.004018"
"000001","2019-05","2984.727","2986.540","2833.036","2898.696","-0.058357"
"000001","2019-06","2901.742","3012.826","2822.185","2978.878","0.027661"
"000001","2019-07","3024.624","3048.484","2879.690","2932.506","-0.015567"
"000001","2019-08","2920.851","2927.342","2733.924","2886.237","-0.015778"
"000001","2019-09","2886.942","3042.928","2883.682","2905.189","0.006566"
"000001","2019-10","2905.756","3026.383","2891.539","2929.056","0.008215"
"000001","2019-11","2924.340","3008.314","2858.581","2871.981","-0.019486"
"000001","2019-12","2874.448","3051.677","2857.320","3050.124","0.062028"
"000001","2020-01","3066.336","3127.169","2955.346","2976.528","-0.024129"
"000001","2020-02","2716.698","3058.898","2685.269","2880.304","-0.032328"
"000001","2020-03","2899.310","3074.257","2646.805","2750.296","-0.045137"
"000001","2020-04","2743.541","2865.590","2719.904","2860.082","0.039918"
"000001","2020-05","2831.633","2914.284","2802.465","2852.351","-0.002703"
"000001","2020-06","2871.964","2990.825","2871.964","2984.674","0.046391"
"000001","2020-07","2991.181","3458.791","2984.984","3310.007","0.109001"
"000001","2020-08","3332.183","3456.721","3263.265","3395.678","0.025882"
"000001","2020-09","3389.742","3425.629","3202.344","3218.052","-0.052309"
"000001","2020-10","3262.611","3371.086","3219.422","3224.533","0.002014"
"000001","2020-11","3228.715","3456.737","3209.909","3391.755","0.051859"
"000001","2020-12","3388.987","3474.918","3325.172","3473.069","0.023974"
"000001","2021-01","3474.679","3637.100","3446.547","3483.069","0.002879"
"000001","2021-02","3477.172","3731.687","3465.771","3509.080","0.007468"
"000001","2021-03","3531.480","3577.622","3328.312","3441.912","-0.019141"
"000001","2021-04","3444.810","3497.121","3373.094","3446.856","0.001436"
"000001","2021-05","3446.074","3626.358","3384.697","3615.477","0.048920"
"000001","2021-06","3608.598","3629.290","3503.183","3591.197","-0.006716"
"000001","2021-07","3600.546","3607.705","3312.721","3397.357","-0.053976"
"000001","2021-08","3385.690","3544.094","3367.643","3543.940","0.043146"
"000001","2021-09","3543.866","3723.845","3514.674","3568.167","0.006836"
"000001","2021-10","3609.087","3625.016","3502.801","3547.336","-0.005838"
"000001","2021-11","3530.396","3602.735","3448.438","3563.887","0.004666"
"000001","2021-12","3561.886","3708.942","3558.691","3639.775","0.021294"
"000001","2022-01","3649.151","3651.892","3356.556","3361.440","-0.076470"
"000001","2022-02","3407.762","3500.147","3390.458","3462.306","0.030007"
"000001","2022-03","3471.365","3500.287","3023.305","3252.203","-0.060683"
"000001","2022-04","3234.668","3290.256","2863.650","3047.062","-0.063078"
"000001","2022-05","3044.849","3188.603","2957.397","3186.427","0.045738"
"000001","2022-06","3179.695","3417.009","3160.040","3398.616","0.066592"
"000001","2022-07","3400.262","3424.837","3226.232","3253.238","-0.042776"
"000001","2022-08","3246.616","3295.998","3155.187","3202.138","-0.015707"
"000001","2022-09","3196.537","3278.166","3021.931","3024.391","-0.055509"
"000001","2022-10","3026.935","3099.918","2885.089","2893.483","-0.043284"
"000001","2022-11","2899.499","3158.573","2896.757","3151.335","0.089115"
"000001","2022-12","3187.990","3226.082","3031.536","3089.258","-0.019699"
"000001","2023-01","3087.513","3310.490","3073.054","3255.669","0.053868"
"000001","2023-02","3262.196","3308.828","3223.258","3279.605","0.007352"
"000001","2023-03","3279.136","3342.859","3216.993","3272.860","-0.002057"
"000001","2023-04","3277.340","3396.175","3229.446","3323.275","0.015404"
"000001","2023-05","3306.483","3418.953","3168.572","3204.564","-0.035721"
"000001","2023-06","3196.155","3276.552","3144.248","3202.062","-0.000781"
"000001","2023-07","3209.162","3322.129","3151.125","3291.040","0.027788"
"000001","2023-08","3288.760","3315.049","3053.037","3119.876","-0.052009"
"000001","2023-09","3126.023","3177.060","3078.801","3110.475","-0.003013"
"000001","2023-10","3100.000","3109.990","2923.511","3018.771","-0.029482"
"000001","2023-11","3038.182","3089.774","3009.121","3029.673","0.003611"
"000001","2023-12","3027.353","3038.979","2882.020","2974.935","-0.018067"
"000001","2024-01","2972.775","2976.268","2724.157","2788.548","-0.062652"
"000001","2024-02","2773.424","3031.488","2635.090","3015.171","0.081269"
"000001","2024-03","3013.823","3090.051","2984.120","3041.167","0.008622"
"000001","2024-04","3049.021","3123.288","2995.542","3104.825","0.020932"
"000001","2024-05","3132.512","3174.266","3085.384","3086.813","-0.005801"
"000001","2024-06","3085.981","3097.204","2933.330","2967.403","-0.038684"
"000001","2024-07","2965.245","3004.987","2865.149","2938.749","-0.009656"
"000001","2024-08","2940.120","2947.877","2815.383","2842.214","-0.032849"
"000001","2024-09","2832.350","3358.588","2689.695","3336.497","0.173908"
"000001","2024-10","3674.405","3674.405","3152.821","3279.824","-0.016986"
"000001","2024-11","3275.577","3509.818","3227.355","3326.456","0.014218"
"000001","2024-12","3328.482","3494.867","3323.009","3351.763","0.007608"
